track_id,track_name,track_artist,energy,preview_url
6HJiKaPc4LYPczBFGSMBFs,I Got Summer On My Mind,Jay Dunham,0.835,https://p.scdn.co/mp3-preview/69ee7f18663f3fad73c91ce9f49aed4c28907d29?cid=49789426e6c04428a2befbd3c2d79b02
378GxC9FFbFaw02SyyxHfO,Serve a Boat,Shoreline Mafia,0.636,https://p.scdn.co/mp3-preview/27961228bd5786d28e94ece1fe0b439fa7a84817?cid=49789426e6c04428a2befbd3c2d79b02
1Ks2UH3WvpohH9q8b03NM7,Skank N Flex (with Scrufizzer),Wax Motif,0.87,https://p.scdn.co/mp3-preview/3ea6dda0cf4aa3f751934c033446b52d0a8fd369?cid=49789426e6c04428a2befbd3c2d79b02
2dy2C0StZ3yiEeb0Aoolcn,Bang Bang,Rita Ora,0.846,https://p.scdn.co/mp3-preview/ec4790fb839ecd2630ddc2eb8efbb3b68aed23da?cid=49789426e6c04428a2befbd3c2d79b02
4i2qxFEVVUi8yOYoxB8TCX,Midnight Sky,Miley Cyrus,0.805,https://p.scdn.co/mp3-preview/f96154dc52234269b2d5625084acf7d3e38c77f8?cid=49789426e6c04428a2befbd3c2d79b02
5BkNCuxzzid0gz9sx3NNbX,My Silver Lining,First Aid Kit,0.725,https://p.scdn.co/mp3-preview/87666d53064eeef2d74e97b1f0e12095d5c10b35?cid=49789426e6c04428a2befbd3c2d79b02
0vAb3U3NJhiuib2B7sJdeJ,Money,The Drums,0.918,https://p.scdn.co/mp3-preview/c5428296d5ce1b42027ab8523e14c5ed04f6a068?cid=49789426e6c04428a2befbd3c2d79b02
3wKKkGVn7cVSfgPeYYIiXG,Kiss Kiss (feat. T-Pain),Chris Brown,0.658,https://p.scdn.co/mp3-preview/c313406cabc287b0e994664987866469c980a9f2?cid=49789426e6c04428a2befbd3c2d79b02
6qMXubogFdMrvVMJwqATzd,Jordan Belfort,Wes Walker,0.719,https://p.scdn.co/mp3-preview/444973fd8ca88b6142c2fc42b7b6132e38d11468?cid=49789426e6c04428a2befbd3c2d79b02
6gBFPUFcJLzWGx4lenP6h2,goosebumps,Travis Scott,0.728,https://p.scdn.co/mp3-preview/5c45fee2743d39984ed2c1e2493d04a42d626f81?cid=49789426e6c04428a2befbd3c2d79b02
6SPgp2qK3fb4wPX1SldrNf,Had Enough (feat. Quavo & Offset),Don Toliver,0.789,https://p.scdn.co/mp3-preview/274ff4efbac40a5c27ced21454d90f43f51593d0?cid=49789426e6c04428a2befbd3c2d79b02
0shK5iZQppbHPQYiy60xs9,Rosa Parks,Outkast,0.701,https://p.scdn.co/mp3-preview/d08f81166a676fe74633b62a576f6861f96b7a78?cid=49789426e6c04428a2befbd3c2d79b02
6tO5bxNnMuh1c3cziSpecA,Paris,$uicideboy$,0.648,https://p.scdn.co/mp3-preview/22c716ae280fb6f5a76c29c1aeb67c6101b3641e?cid=49789426e6c04428a2befbd3c2d79b02
5bBzkJE9BqYTL27webAUCw,Rocc Climbing (feat. Lil Yachty),Remble,0.656,https://p.scdn.co/mp3-preview/d0cb77473294665b446352542f01b3caadc5fb38?cid=49789426e6c04428a2befbd3c2d79b02
4NTWZqvfQTlOMitlVn6tew,The Show Goes On,Lupe Fiasco,0.889,https://p.scdn.co/mp3-preview/82ecf0570b5ba506be317be1cb78cf7717348abd?cid=49789426e6c04428a2befbd3c2d79b02
0YImOCkIJ2PWhCXaURCZnY,I Know What You Want (feat. Flipmode Squad),Busta Rhymes,0.759,https://p.scdn.co/mp3-preview/f9c37797c6aaf348026d20b455a6c773a0b1d0bc?cid=49789426e6c04428a2befbd3c2d79b02
5EQCzaAbURz9BxfVdmERKd,"Stormy Love, NM.",ZHU,0.692,https://p.scdn.co/mp3-preview/60228b4a3f32fe2d7a98cd1fdcc245760ba6bf7b?cid=49789426e6c04428a2befbd3c2d79b02
3haS1MDe2Zh8jJaeiiymSt,Five Hours,Deorro,0.821,https://p.scdn.co/mp3-preview/34e230e463962fe98eaaf50f110c2ba2a5583014?cid=49789426e6c04428a2befbd3c2d79b02
1FwPQVMtOoNMZ2lRyd7FXa,Under The Influence,Chris Brown,0.69,https://p.scdn.co/mp3-preview/a7df3c73a53cf206999369da16b18679df491b35?cid=49789426e6c04428a2befbd3c2d79b02
5fwSHlTEWpluwOM0Sxnh5k,Pepas,Farruko,0.766,https://p.scdn.co/mp3-preview/d34fb702d404e62f9816de0af525a7e2786a2c00?cid=49789426e6c04428a2befbd3c2d79b02
66Ms7aYFty1lNm02SuY6II,IYKYK,B-Lovee,0.734,https://p.scdn.co/mp3-preview/05013d6061351794924873d90576ee4b9abedad2?cid=49789426e6c04428a2befbd3c2d79b02
1XRgIKC5TPwo7nWGyKqgG0,I Get the Bag (feat. Migos),Gucci Mane,0.633,https://p.scdn.co/mp3-preview/700bb411f240b0f7dad007ce522ca9b0dfe3b4ce?cid=49789426e6c04428a2befbd3c2d79b02
0q5DrtpnnGpOvBy5nnPMbe,Timeless (feat. DJ SPINKING),A Boogie Wit da Hoodie,0.761,https://p.scdn.co/mp3-preview/7a2d2cf689ce17951940f9c501124a0ff290f936?cid=49789426e6c04428a2befbd3c2d79b02
67p96tIoC4ESrod9kW331R,Hot Air Balloon,Don Diablo,0.71,https://p.scdn.co/mp3-preview/229c53e34f3f61252ab707a446bd985e2503b970?cid=49789426e6c04428a2befbd3c2d79b02
3KHt3Fbx7AlININwQ10iDT,From Alone,5ALVO,0.712,https://p.scdn.co/mp3-preview/5ca90d3b31d3bba9b56d69980cb828fcb3b0de2a?cid=49789426e6c04428a2befbd3c2d79b02
4Jv7lweGIUOFQ7Oq2AtAh9,I Follow Rivers - The Magician Remix,Lykke Li,0.696,https://p.scdn.co/mp3-preview/38d122aaf51a86f13b57ca00303896bcb95d5187?cid=49789426e6c04428a2befbd3c2d79b02
1hkpoSSNKCCD1u1M5FPyDq,Left Alone feat. Chet Faker,Flume,0.614,https://p.scdn.co/mp3-preview/01a6aa56d9cba71726044526e5369f0382689619?cid=49789426e6c04428a2befbd3c2d79b02
15B3zlNGr8fYj60exaIPkl,CHICKENS (feat. EST Gee),Future,0.619,https://p.scdn.co/mp3-preview/31f8be3eca77ef3b48e71ac227e7c27657ea7cb3?cid=49789426e6c04428a2befbd3c2d79b02
5PZI5xTcMq8FsCcEroth7S,Boneless,Steve Aoki,0.962,https://p.scdn.co/mp3-preview/98998fe3897ceb16926260b456b3a3dd0b726476?cid=49789426e6c04428a2befbd3c2d79b02
6x4tKaOzfNJpEJHySoiJcs,Mambo No. 5 (a Little Bit of...),Lou Bega,0.807,https://p.scdn.co/mp3-preview/c98bff86083944b2b50af1b5dfb04279d5342cde?cid=49789426e6c04428a2befbd3c2d79b02
1y4Kln6VEjQMpmHW7j9GeY,Cut Your Teeth - Kygo Remix,Kyla La Grange,0.678,https://p.scdn.co/mp3-preview/ea5bb148959597253c38b56c8b339287d746b958?cid=49789426e6c04428a2befbd3c2d79b02
5Uygp1KAwyj41KSjwPt1Nz,Don't Wanna Let Go,Taiki Nulight,0.747,https://p.scdn.co/mp3-preview/612f103d5d15c17d85801d83e830edf50043c0e1?cid=49789426e6c04428a2befbd3c2d79b02
39yyHtQ4tkjZzd8TfIBKQw,"Morad: Bzrp Music Sessions, Vol. 47",Bizarrap,0.859,https://p.scdn.co/mp3-preview/16d67f40d7b2d0bf40b4d94d83ebf3522ae5c24d?cid=49789426e6c04428a2befbd3c2d79b02
6sMPT2noNLupVVqJF4YKtn,Hunnids,Ramirez,0.878,https://p.scdn.co/mp3-preview/c2b0ec68b99e58cf5bb7855ae5874efca399aa09?cid=49789426e6c04428a2befbd3c2d79b02
6j5apDNP48InFg0XEIJSyc,"Absence Heard, Presence Felt",Quantic,0.658,https://p.scdn.co/mp3-preview/0d5bfa8bf1ad76e8d6428f7f1cd9a0ebeab5e5bb?cid=49789426e6c04428a2befbd3c2d79b02
0qP4QTGEmlslzEWIqF5oNs,Home,Mahalo,0.882,https://p.scdn.co/mp3-preview/46a9ddf1c8c9ca85678766c0f6b15afc1e10834d?cid=49789426e6c04428a2befbd3c2d79b02
5iHaOaMTQA3f24kD4oTR2x,Moment of Clarity,Future,0.624,https://p.scdn.co/mp3-preview/15d616ee4d717a8c08b0ddad409a8548d945eae0?cid=49789426e6c04428a2befbd3c2d79b02
7zwn1eykZtZ5LODrf7c0tS,You Get Me So High,The Neighbourhood,0.881,https://p.scdn.co/mp3-preview/3f5a7c8b8e434e72c0e8f0bf43341f161c54b14b?cid=49789426e6c04428a2befbd3c2d79b02
2AYEOC02WLhUiOoaig2SEH,Out of My League,Fitz and The Tantrums,0.968,https://p.scdn.co/mp3-preview/d50d8b3ce46da19a8f6b63539be7a10faee9a569?cid=49789426e6c04428a2befbd3c2d79b02
3DORsoGpr8l2xsaZE9baq5,Wake Up,Mac Miller,0.782,https://p.scdn.co/mp3-preview/3b110e16c0bc624bce60b2428ad313abfe6e362d?cid=49789426e6c04428a2befbd3c2d79b02
3YJJjQPAbDT7mGpX3WtQ9A,Good Days,SZA,0.655,https://p.scdn.co/mp3-preview/ddda59aa9a028820fc0fb6ff05ae463924843191?cid=49789426e6c04428a2befbd3c2d79b02
6RpunyUP44SDweJPDScLSF,Come Home (feat. André 3000),Anderson .Paak,0.815,https://p.scdn.co/mp3-preview/1648d29f242f9a96c3336c2742dfb97ca1293e8c?cid=49789426e6c04428a2befbd3c2d79b02
3OHfY25tqY28d16oZczHc8,Kill Bill,SZA,0.728,https://p.scdn.co/mp3-preview/49dfe4ea78c5d3c5d2923d4a34c50fc4709855cb?cid=49789426e6c04428a2befbd3c2d79b02
1TweDM3JC49LNeelLVg3yX,Used (feat. Don Toliver),SZA,0.689,https://p.scdn.co/mp3-preview/d09fca8423bfaaa8ca282f513a1c8710cec64531?cid=49789426e6c04428a2befbd3c2d79b02
2N5zMZX7YeL1tico8oQxa9,Crazy,Gnarls Barkley,0.741,https://p.scdn.co/mp3-preview/3d23901a1b268fa45dd67e663376cec97ff8c9b2?cid=49789426e6c04428a2befbd3c2d79b02
2enPRFda84VE2wtI8c86Uf,Always Forever,Cults,0.742,https://p.scdn.co/mp3-preview/3887c5ec8242ce866b24154f24baa8128f8743d2?cid=49789426e6c04428a2befbd3c2d79b02
4MSqgoFS7e8LpsxeeMMVMu,Paranoid,Black Sabbath,0.631,https://p.scdn.co/mp3-preview/4d07a4b7dafa6d746f0717a3f575fa76144e8c92?cid=49789426e6c04428a2befbd3c2d79b02
54ELExv56KCAB4UP9cOCzC,Gato de Noche,Ñengo Flow,0.662,https://p.scdn.co/mp3-preview/7d6a9dab2f3779eef37ef52603d20607a1390d91?cid=49789426e6c04428a2befbd3c2d79b02
1A0I5aiVZRwecRlbQcweBh,Gone Country,Alan Jackson,0.719,https://p.scdn.co/mp3-preview/03a512f0ad00ef82a6cac508eedaed5664d1df4f?cid=49789426e6c04428a2befbd3c2d79b02
76nKkLXCAoJwnjUylYic4D,You Up?,Johan Lenox,0.818,https://p.scdn.co/mp3-preview/277695a12853cf17471a4d5abd5f974cb60b58ee?cid=49789426e6c04428a2befbd3c2d79b02
43cCZRdT1nybOMWrjimFWB,Stay,Khalid,0.628,https://p.scdn.co/mp3-preview/35877b4c4718c030225950b03a515515c4d5c8cf?cid=49789426e6c04428a2befbd3c2d79b02
400QEuv1HXJcm7gGSya4fn,Taj,BLR,0.727,https://p.scdn.co/mp3-preview/28d864a791936617d9667aacd53885310baeca28?cid=49789426e6c04428a2befbd3c2d79b02
30pVSKdzBpZ9Np4Y2bJbFM,Fuego,Alok,0.643,https://p.scdn.co/mp3-preview/82e7449dd93791a4b7b8b51f23b6137bca024ffc?cid=49789426e6c04428a2befbd3c2d79b02
6NOjt6GYMuBGSuLuM2AXuB,Equilibrium,Leon Lour,0.846,https://p.scdn.co/mp3-preview/ec0f3511b9f143d20db8bf233f76f9552459acba?cid=49789426e6c04428a2befbd3c2d79b02
5x5jtuR4qWJzC6cDTgysez,Clandestina - Cocaina Remix,FILV,0.614,https://p.scdn.co/mp3-preview/946c7d754551c89cbf075b90ed7ad726b9a86ef8?cid=49789426e6c04428a2befbd3c2d79b02
3QBZhGyrmH16X853rimdE1,I Made You Do,Melih Aydogan,0.703,https://p.scdn.co/mp3-preview/28886a9fa2215c7552487f9488a0da27a1e4fe58?cid=49789426e6c04428a2befbd3c2d79b02
6GomT970rCOkKAyyrwJeZi,Move Your Body,Öwnboss,0.821,https://p.scdn.co/mp3-preview/86d6200edc5e8c68e89e22a126d1dbf7b73b7a90?cid=49789426e6c04428a2befbd3c2d79b02
2cegJfpyiaWXclqj5HRsZG,Just Feels Tight,FISHER,0.994,https://p.scdn.co/mp3-preview/e90574f30ad3713a63d211b52f881a6a826802e0?cid=49789426e6c04428a2befbd3c2d79b02
68UW3plyDDNg1dkNIZRezJ,Tinted Eyes (feat. blackbear & 24kGoldn),DVBBS,0.801,https://p.scdn.co/mp3-preview/4a693921a2b8268e6809bacdbf0a269033fb5480?cid=49789426e6c04428a2befbd3c2d79b02
7yL4wdksHlDnmKvofxMTBE,A LOT TO LOSE,24kGoldn,0.766,https://p.scdn.co/mp3-preview/3a0b22bf183b594e0de8812a426b9c62f7430565?cid=49789426e6c04428a2befbd3c2d79b02
3DlgDXIYtnWtJKiB8bZQMv,Photosynthesis,Saba,0.662,https://p.scdn.co/mp3-preview/de5bf0b2133e0c64a1f0be967ee7702b5f1860f5?cid=49789426e6c04428a2befbd3c2d79b02
0AR1NRcYkm2vhostE502BU,Overrated,Pretty Pink,0.684,https://p.scdn.co/mp3-preview/cfd6a2f3da60f2dc5e707db71771c5a6083a35a4?cid=49789426e6c04428a2befbd3c2d79b02
3B1Je3rlEac3p4ikYW13zw,Define,Dom Dolla,0.808,https://p.scdn.co/mp3-preview/fb10eec01e73dc0dcff4b3d0af624b143265356a?cid=49789426e6c04428a2befbd3c2d79b02
0PeWHVfXWa2rgosd8sURLn,Consecutive Normal Punches (feat. Buddy),Domo Genesis,0.631,https://p.scdn.co/mp3-preview/37d6e6aa1683e36a8119a39454517441b185ad85?cid=49789426e6c04428a2befbd3c2d79b02
38spM0LahLUfQhOMAqA7AI,Be Your Girl (Kaytranada Edition),Teedra Moses,0.682,https://p.scdn.co/mp3-preview/c057a3897561adb83731d724becdf41a17bead4a?cid=49789426e6c04428a2befbd3c2d79b02
5jkFvD4UJrmdoezzT1FRoP,Rasputin,Boney M.,0.893,https://p.scdn.co/mp3-preview/f6d6eb8dabae0e8fa8aa7f93743bc2067daac97c?cid=49789426e6c04428a2befbd3c2d79b02
5KFj6CPcfKGS6MI3gQEzNe,Brown Angel,Tamaraebi,0.787,https://p.scdn.co/mp3-preview/d551b8f2f9c557b8eff1bf53ad614cf584450341?cid=49789426e6c04428a2befbd3c2d79b02
3jhStgnHgwPGaSyhdHuT1Z,Word on the Streets,Key Glock,0.646,https://p.scdn.co/mp3-preview/a8c9483f6a691fc3114982a62b87f77c5e88951b?cid=49789426e6c04428a2befbd3c2d79b02
5sxRbu2Oi9lgmLO8taA3Rf,"327 (feat. Tyler, The Creator & Billie Essco)",Westside Gunn,0.701,https://p.scdn.co/mp3-preview/11f5ff2236f1a26372a5075e2be9bd37406acbec?cid=49789426e6c04428a2befbd3c2d79b02
1qMMYpVatbRITKCfq1gasi,PUFFIN ON ZOOTIEZ,Future,0.657,https://p.scdn.co/mp3-preview/a5bb6f511c845bd5f971e0fca5ba45f080835ca9?cid=49789426e6c04428a2befbd3c2d79b02
7nc7mlSdWYeFom84zZ8Wr8,Tell Em,Cochise,0.717,https://p.scdn.co/mp3-preview/fd0fe0658c90405f68c84cab80557d2b060a2414?cid=49789426e6c04428a2befbd3c2d79b02
5uQOauh47VFt3B2kV9kRXw,My Shit,A Boogie Wit da Hoodie,0.621,https://p.scdn.co/mp3-preview/45655624341656d3375dbed1ea1b1546d59388f5?cid=49789426e6c04428a2befbd3c2d79b02
6PZlK0iD8mhuS2y8Ce645t,LV Outkast,Jamaar,0.704,https://p.scdn.co/mp3-preview/2447775340f9da63ee1fc037fea78cd0df3f484a?cid=49789426e6c04428a2befbd3c2d79b02
2eAZfqOm4EnOF9VvN50Tyc,The Way Life Goes (feat. Oh Wonder),Lil Uzi Vert,0.757,https://p.scdn.co/mp3-preview/80d5a005febd46fdf05e905fc18437bd7388075d?cid=49789426e6c04428a2befbd3c2d79b02
2t8yVaLvJ0RenpXUIAC52d,a lot,21 Savage,0.636,https://p.scdn.co/mp3-preview/8e4bedd4dd85c00a3cd298e59f209fd23818b7d6?cid=49789426e6c04428a2befbd3c2d79b02
4peYARr5TMDzveSsDArLk1,No Holds Barred,Jamaar,0.659,https://p.scdn.co/mp3-preview/811f25dd657040e97f71c61328eb1d80d3d34642?cid=49789426e6c04428a2befbd3c2d79b02
2aPTvyE09vUCRwVvj0I8WK,Sundress,A$AP Rocky,0.707,https://p.scdn.co/mp3-preview/4cc0018584f7e316a81616be3bf66c9d9a42ed0e?cid=49789426e6c04428a2befbd3c2d79b02
27a1mYSG5tYg7dmEjWBcmL,CAN'T SAY,Travis Scott,0.708,https://p.scdn.co/mp3-preview/4b3564ac8a8363c105fbc651062e2a466076c69c?cid=49789426e6c04428a2befbd3c2d79b02
4S4Mfvv03M1cHgIOJcbUCL,In My Room,Frank Ocean,0.647,https://p.scdn.co/mp3-preview/a23f4faaefc0b1105bd70e3e46189bcf930dcd42?cid=49789426e6c04428a2befbd3c2d79b02
5H6SZcjJzBNsB2VzKW2Ivd,Tiempo,Ozuna,0.752,https://p.scdn.co/mp3-preview/65d5fe64f376c2cfa005ad0b3535aed6c9a2a947?cid=49789426e6c04428a2befbd3c2d79b02
6dJ7igqQIKNRXM1R0umY8c,C'est La Vie,SEGA,0.675,https://p.scdn.co/mp3-preview/8bbfcc5082854d2099c46847f2061ccecdaf1aa7?cid=49789426e6c04428a2befbd3c2d79b02
3w1WjD2zJqjBjDz5fwqQPJ,Tyler Herro,Jack Harlow,0.793,https://p.scdn.co/mp3-preview/57db620e8b7ffe5c2117a5e65331622a868a21fc?cid=49789426e6c04428a2befbd3c2d79b02
2FTeQQ5Rg9tBpgpTF5mnhE,Still Think About You,A Boogie Wit da Hoodie,0.646,https://p.scdn.co/mp3-preview/b1972997353323a3a4bb8f27836a57041960c14a?cid=49789426e6c04428a2befbd3c2d79b02
1f5cbQtDrykjarZVrShaDI,Drowning (feat. Kodak Black),A Boogie Wit da Hoodie,0.81,https://p.scdn.co/mp3-preview/f770a1a0b3dfb5bc652f89848e45ab9d09f7dc69?cid=49789426e6c04428a2befbd3c2d79b02
1ipSpQfzBbhPFhYm6tfVIz,Mr. Glock,Key Glock,0.946,https://p.scdn.co/mp3-preview/6efa7953e7757397b8aa5e8ca1d2dba329957c5e?cid=49789426e6c04428a2befbd3c2d79b02
0xUvi7wldroBzaZCengPa5,24 (feat. Lil Baby),Money Man,0.638,https://p.scdn.co/mp3-preview/66aeb8b712f893c8bf1088a4a35a9e3a4805357e?cid=49789426e6c04428a2befbd3c2d79b02
7uLFOXgLrS90tEYPO1DGXy,Man in the Mirror,A Boogie Wit da Hoodie,0.631,https://p.scdn.co/mp3-preview/678f28d825ff3570954b71300a8e50e038ee7ad6?cid=49789426e6c04428a2befbd3c2d79b02
7BlBVFwvbWvcwNcUarQmjk,"Yo x Ti, Tu x Mi",ROSALÍA,0.759,https://p.scdn.co/mp3-preview/b7ce0f23c96ad4adad0eda03277e5ac1fa37da19?cid=49789426e6c04428a2befbd3c2d79b02
3jT3A0QXqI01qV9WNxRJOV,EARNED IT,KILLY,0.717,https://p.scdn.co/mp3-preview/d5dc229349bf897a7bcf1d26635a60aa54c154c5?cid=49789426e6c04428a2befbd3c2d79b02
1H5N26VqHR4JhuaRKY2I0u,Heaven Knows I'm Miserable Now - 2011 Remaster,The Smiths,0.759,https://p.scdn.co/mp3-preview/84514f304f702184728abfa31331d79e36856f82?cid=49789426e6c04428a2befbd3c2d79b02
0WQiDwKJclirSYG9v5tayI,There Is a Light That Never Goes Out - 2011 Remaster,The Smiths,0.769,https://p.scdn.co/mp3-preview/23f6c629d7072e1adbe90b0a155b1110b2f94714?cid=49789426e6c04428a2befbd3c2d79b02
6ZA3Q8Dj5BrnmOsT300DCh,Ice Cream Man,Tyga,0.67,https://p.scdn.co/mp3-preview/e7165f6c5f7a497553fe2d4f9f22493a1618a2ce?cid=49789426e6c04428a2befbd3c2d79b02
2SbAcN6cMTrtGeTFA5rqDe,Show Luv,Arno Cost,0.908,https://p.scdn.co/mp3-preview/5677a10ff63faff12b6312405c92ddc112bb7fcd?cid=49789426e6c04428a2befbd3c2d79b02
6EtKlIQmGPB9SX8UjDJG5s,Formula,Labrinth,0.664,https://p.scdn.co/mp3-preview/750da82d08dd4f1840d4d37032473167cdd3033b?cid=49789426e6c04428a2befbd3c2d79b02
5XKZua8kqgHwcxeKiMIjge,AirplaneMode,BONES,0.601,https://p.scdn.co/mp3-preview/12b494202632f2aaa06ae538f62ec89f4969cac9?cid=49789426e6c04428a2befbd3c2d79b02
4blMTTElmTAmfEsyExPgTi,My Life,3rd Degree,0.717,https://p.scdn.co/mp3-preview/0e73f71d3d2e4be7c8351be957c4d4cc14cd53f2?cid=49789426e6c04428a2befbd3c2d79b02
3I10tZ5MgEMo4WryCNJkZQ,Won't Forget You (Edit),Shouse,0.655,https://p.scdn.co/mp3-preview/95d0a52d0942d7ea4bd5b906e9e2696cfa256faf?cid=49789426e6c04428a2befbd3c2d79b02
4uUG5RXrOk84mYEfFvj3cK,I'm Good (Blue),David Guetta,0.965,https://p.scdn.co/mp3-preview/c1de960c1a98f7ab652331e5223c50baba75c460?cid=49789426e6c04428a2befbd3c2d79b02
4e4fqjx0Izh4svvTef1z7e,Meant to Be (feat. Florida Georgia Line),Bebe Rexha,0.772,https://p.scdn.co/mp3-preview/0b972d24c49e50be428edfacbafae85cb80249e9?cid=49789426e6c04428a2befbd3c2d79b02
1unFtbwcAnSGgYPmp52vc0,Wit It,Gunna,0.657,https://p.scdn.co/mp3-preview/2a4d555ced14be504402269f65c68609b3ada757?cid=49789426e6c04428a2befbd3c2d79b02
7gzOfclimlOrkmeMtpt2GN,Six Shooter,SNBRN,0.77,https://p.scdn.co/mp3-preview/0c3d3eeee63b7fc493cfe4d60802d71dfd591914?cid=49789426e6c04428a2befbd3c2d79b02
4qetR2UUyBeUrJ9DbYrpVQ,Stop It,FISHER,0.824,https://p.scdn.co/mp3-preview/aed1683cbfb6101617a0a73d66318acc735111cb?cid=49789426e6c04428a2befbd3c2d79b02
3QuJ4TqND9JE7cqAkIrgYr,Smalltown Boy,Marcus Layton,0.644,https://p.scdn.co/mp3-preview/be518c446b9dd781c13875aa82c11e0f79b4cec9?cid=49789426e6c04428a2befbd3c2d79b02
2cSdAkzAf2T4j4aLvx4LLz,Baby Girl,Disco Lines,0.907,https://p.scdn.co/mp3-preview/4a22b4616e39db215d486cad76339861da696658?cid=49789426e6c04428a2befbd3c2d79b02
56b6hfYKczrdjPRX2iRAhi,Your Heart,Lynnic,0.665,https://p.scdn.co/mp3-preview/884ec7283e68399237234e82c65fed0648ac2fc4?cid=49789426e6c04428a2befbd3c2d79b02
40H5MGB07FCEmrgHBlmLDU,This Song Is Not About A Girl,Flume,0.668,https://p.scdn.co/mp3-preview/c56bba41c46fb1100fd894692d35d8f4c3cbbc05?cid=49789426e6c04428a2befbd3c2d79b02
32ny2YtiR7zKi7PBjiQ5Iy,Real Talk,Roddy Ricch,0.71,https://p.scdn.co/mp3-preview/e852eb06bd40a53aa0aab97918e12a43cbda915b?cid=49789426e6c04428a2befbd3c2d79b02
6mM8gri8d2abYYomjOV4ut,Stop Breathing,Roddy Ricch,0.689,https://p.scdn.co/mp3-preview/cb150d4e733184c19f29922bf6d921b5eba38776?cid=49789426e6c04428a2befbd3c2d79b02
3d2yowRTcZpQgtkNFmFNiQ,Sphinx,Nora En Pure,0.656,https://p.scdn.co/mp3-preview/1df6befbe01ca9bc89f3a1639a945c2a7f2c59b8?cid=49789426e6c04428a2befbd3c2d79b02
0eiLudweyosA5c7EUJ6y0c,Breathe Me In,Harrison,0.889,https://p.scdn.co/mp3-preview/6a7f9888fb54d705749bb221dfc2bbda9b83d60a?cid=49789426e6c04428a2befbd3c2d79b02
4PnNzWe1LJoAMD5j5RHpI0,DEVASTATED,Joey Bada$$,0.628,https://p.scdn.co/mp3-preview/0c75bb58672a069c467e9df6236dce0f498bb6af?cid=49789426e6c04428a2befbd3c2d79b02
36dH28TepFKh4RelMfRj05,The Break Up Song,The Greg Kihn Band,0.92,https://p.scdn.co/mp3-preview/c9f7fd4f19f0c3002d4ef96cbf0e054cb8a2e6cc?cid=49789426e6c04428a2befbd3c2d79b02
0fEHUeKKmqWd3GGiG7hz0X,Doctor Foo - Smooth Version,Parov Stelar Trio,0.715,https://p.scdn.co/mp3-preview/7fffe07e3bfca2b22ba17e1fedb52711f7291482?cid=49789426e6c04428a2befbd3c2d79b02
6pcywuOeGGWeOQzdUyti6k,Glock In My Lap,21 Savage,0.733,https://p.scdn.co/mp3-preview/47a0a844bde0ea1941ecdcfc8f7ddc328afd6d73?cid=49789426e6c04428a2befbd3c2d79b02
6eXKCcEqAU4eJLfDgh8sfG,Get Down Saturday Night,Gorgon Breath,0.791,https://p.scdn.co/mp3-preview/e687181b49caa4019e149a508ee73b7e5a8ecd91?cid=49789426e6c04428a2befbd3c2d79b02
5oO8yNsKx8uoXT6u8HvCzY,Eleven,La Rochelle Band,0.855,https://p.scdn.co/mp3-preview/3bf0f52e8def816a7fd917aad01ce8e0a4146566?cid=49789426e6c04428a2befbd3c2d79b02
5u2chFalnZgdgN8K3YKxI0,Yeah Yeah Yeah,Kognitif,0.87,https://p.scdn.co/mp3-preview/08dae2d53b22880de206da1a487def0a4509f68e?cid=49789426e6c04428a2befbd3c2d79b02
3VvBPkc24zC7x05mgJTyGO,Monody (feat. Laura Brehm),TheFatRat,0.69,https://p.scdn.co/mp3-preview/25b902df4aa6f5a95ef5f4a31795b9c13c434816?cid=49789426e6c04428a2befbd3c2d79b02
3sMleqdCDalZ6xsAQe8xuY,Booty Swing,Parov Stelar,0.669,https://p.scdn.co/mp3-preview/f4c1cbc93c3d85bc1da56d244d839195998301e2?cid=49789426e6c04428a2befbd3c2d79b02
5ChkMS8OtdzJeqyybCc9R5,Billie Jean,Michael Jackson,0.654,https://p.scdn.co/mp3-preview/0f6b8a3524ec410020457da4cdd7717f9addce2f?cid=49789426e6c04428a2befbd3c2d79b02
2C0hJUVjp7FSchyhYiceJq,Home Sweet Home,Mötley Crüe,0.777,https://p.scdn.co/mp3-preview/05a15f22954f2fe288c4ebec4279a60df2f23959?cid=49789426e6c04428a2befbd3c2d79b02
0I3q5fE6wg7LIfHGngUTnV,Ms. Jackson,Outkast,0.806,https://p.scdn.co/mp3-preview/06f8cc47c72dae9e9a66081b4dc912e9d9b430a9?cid=49789426e6c04428a2befbd3c2d79b02
0ZUo4YjG4saFnEJhdWp9Bt,Before He Cheats,Carrie Underwood,0.749,https://p.scdn.co/mp3-preview/8dcbc4c73d9300b77c0df17c47cee1c54c07ab77?cid=49789426e6c04428a2befbd3c2d79b02
2V4bv1fNWfTcyRJKmej6Sj,Cooler Than Me - Single Mix,Mike Posner,0.82,https://p.scdn.co/mp3-preview/649f480a624454b97a73e354568fcfb9214fdd46?cid=49789426e6c04428a2befbd3c2d79b02
6jg5SRvdGxvJ0DzNV0UqEK,Please Don't Go,Mike Posner,0.882,https://p.scdn.co/mp3-preview/d33396175c666bd21031d96270b4cd015b6f5713?cid=49789426e6c04428a2befbd3c2d79b02
2PpruBYCo4H7WOBJ7Q2EwM,Hey Ya!,Outkast,0.974,https://p.scdn.co/mp3-preview/d24b3c4135ced9157b0ea3015a6bcc048e0c2e3a?cid=49789426e6c04428a2befbd3c2d79b02
4AYX69oFP3UOS1CFmV9UfO,Bottoms Up (feat. Nicki Minaj),Trey Songz,0.601,https://p.scdn.co/mp3-preview/a38bab8f52df5621f858e133c43daff6f97ad2ff?cid=49789426e6c04428a2befbd3c2d79b02
15Wb8YSplqsUHx5OL18Z7l,Hungry (feat. Rick Ross),Fergie,0.698,https://p.scdn.co/mp3-preview/7bb797841ec50dbaab19957688079b93acd71ff2?cid=49789426e6c04428a2befbd3c2d79b02
3PqAnW2bB5TQnMoBivyFOb,Are You That Somebody,Aaliyah,0.657,https://p.scdn.co/mp3-preview/12ec6bd01076a1404520c70cb0595b0f6595d0f1?cid=49789426e6c04428a2befbd3c2d79b02
1KGi9sZVMeszgZOWivFpxs,No Scrubs,TLC,0.675,https://p.scdn.co/mp3-preview/87c4c3435b531616e2d642009a18eb711f87be4e?cid=49789426e6c04428a2befbd3c2d79b02
5j0McHPthKpOXRr3fBq8M0,Love in This Club (feat. Young Jeezy),Usher,0.712,https://p.scdn.co/mp3-preview/19e8a133605d5a9309a5bf8455385a5da4e48715?cid=49789426e6c04428a2befbd3c2d79b02
6AdLyvisRKHLAwARaZMGr6,Take You There,Sean Kingston,0.921,https://p.scdn.co/mp3-preview/ea724e14a86e599f01f2ed66a60d3a482319c9d7?cid=49789426e6c04428a2befbd3c2d79b02
2mKouqwAIdQnMP43zxR89r,What's Luv? (feat. Ja-Rule & Ashanti),Fat Joe,0.707,https://p.scdn.co/mp3-preview/2fd506314ddfbd97f9ef780215c658c3dd680c8b?cid=49789426e6c04428a2befbd3c2d79b02
4NeOWqHmlrGRuBvsLJC9rL,My Love (feat. T.I.),Justin Timberlake,0.68,https://p.scdn.co/mp3-preview/4dce4b08ddc56db1343a797719d04b727a213088?cid=49789426e6c04428a2befbd3c2d79b02
5gflgO9EPbIBf16n5TKnQS,Yo Voy (feat. Daddy Yankee),Zion & Lennox,0.697,https://p.scdn.co/mp3-preview/0d6bcbc99daa02a570665e3201ebd0c7c9b7efeb?cid=49789426e6c04428a2befbd3c2d79b02
2Ukr1iULFHGSJp0qPhiqc0,No Me Dejes Solo,Daddy Yankee,0.835,https://p.scdn.co/mp3-preview/5882a0850af5aa11430b9f49e812dcca459c2e12?cid=49789426e6c04428a2befbd3c2d79b02
1Hu8EMKCGD25srDybGOtBC,Soy una Gargola,Alex Gargolas,0.835,https://p.scdn.co/mp3-preview/b69761c33726672a5973b44b722bfcfcb796c7c3?cid=49789426e6c04428a2befbd3c2d79b02
46P3sjn38awa9mlokdDlBU,Suave,El Alfa,0.835,https://p.scdn.co/mp3-preview/8d32c50d00f6e1f46a6b760c175b8cabe89e92aa?cid=49789426e6c04428a2befbd3c2d79b02
26QKsGW4hMuwiEE1ftUMHe,"Lo Que Pasó, Pasó",Daddy Yankee,0.741,https://p.scdn.co/mp3-preview/a7b8a5c6c5564d857437803711ec70b4c81f59aa?cid=49789426e6c04428a2befbd3c2d79b02
6riuMNiPqRmE4LPJZGzIuv,Gogo Dance,El Alfa,0.868,https://p.scdn.co/mp3-preview/5799072e99f9175685000c3114f483c5f16cbbf3?cid=49789426e6c04428a2befbd3c2d79b02
0OyHCmkCp2qZJ44ZKB26fX,Si Te Vas / Que Tengo Que Hacer - Original Remix,Omega,0.689,https://p.scdn.co/mp3-preview/7763a47189c0ccd6a21975e6b4a605cf808591d7?cid=49789426e6c04428a2befbd3c2d79b02
6YYmoV9YbBefsspGmqFHbs,Una Vaina Loca,Fuego,0.676,https://p.scdn.co/mp3-preview/b32fa6028bfabcbeefe7425da1a4cc0a69f8151f?cid=49789426e6c04428a2befbd3c2d79b02
78kygHp1dvW1kncYjBgbe1,Mujeriego,Ryan Castro,0.621,https://p.scdn.co/mp3-preview/a3ad0f17b956bd294e106ab065ca01ec7ae5584e?cid=49789426e6c04428a2befbd3c2d79b02
3CIl8hlnMcULSIIhUMmB1Z,FULANITO,Becky G,0.832,https://p.scdn.co/mp3-preview/9fbb3176c16a63cb1ecbcd758088f51ee03a9293?cid=49789426e6c04428a2befbd3c2d79b02
1KYspqFoBXRcAs89HSekKM,No Te Veo,Randy,0.862,https://p.scdn.co/mp3-preview/fef4e0e9949014f71fbf077481e489d2b74ab005?cid=49789426e6c04428a2befbd3c2d79b02
3nQbCPy1vMFtXb4XEpOmgC,Demaga Ge Gi Go Gu,El Alfa,0.904,https://p.scdn.co/mp3-preview/e967cbb4001ee1a545871a62d9dd458c379cd796?cid=49789426e6c04428a2befbd3c2d79b02
5bQ9rtAfOUbPmuxjPK8zDp,Perreo Pesau',Rauw Alejandro,0.679,https://p.scdn.co/mp3-preview/a37fa9d7d9cf3eb85c3933af4ee9d4011c772f9f?cid=49789426e6c04428a2befbd3c2d79b02
72tAU6b10AgYfEFKrykp8J,No Te Veo - Remix,Casa De Leones,0.878,https://p.scdn.co/mp3-preview/b3de5f908031964cd477d9f6a793c9afd9854734?cid=49789426e6c04428a2befbd3c2d79b02
5YJ4BVvTFmVCxUyhKejHfR,Pa' Que Retozen,Tego Calderón,0.856,https://p.scdn.co/mp3-preview/ddc2230ae8946ec1e1e4a7b69a9e65bab76c9869?cid=49789426e6c04428a2befbd3c2d79b02
2FNqnsX74ZlwduUAcnmzee,Tu Príncipe,Daddy Yankee,0.804,https://p.scdn.co/mp3-preview/3d450c0e24bbb01506051724040f7d69fbe8b990?cid=49789426e6c04428a2befbd3c2d79b02
2htll8gP4tlYgrl0S2nJwv,Doncella,Zion & Lennox,0.877,https://p.scdn.co/mp3-preview/55853df6984ecbe0102c35a27461f12c45eefa1a?cid=49789426e6c04428a2befbd3c2d79b02
2UWdUez9MB9yzL7Y81Mcip,The Suburbs,Arcade Fire,0.682,https://p.scdn.co/mp3-preview/4f6d9f6ccd4afe5a40f9f3c9b8e7525097946ff3?cid=49789426e6c04428a2befbd3c2d79b02
05bfbizlM5AX6Mf1RRyMho,AM Remix,Nio Garcia,0.655,https://p.scdn.co/mp3-preview/88634c8a07a3784bb43dcfc0d8695b20bae65b88?cid=49789426e6c04428a2befbd3c2d79b02
5vhrsx08dHh2QcVh1Rsiwt,LONDON (feat. J. Cole),BIA,0.671,https://p.scdn.co/mp3-preview/c1b0e1d6ea8ef9a9c5ab147b68cc9fa0f6cc5470?cid=49789426e6c04428a2befbd3c2d79b02
22n1KFKvh8OC07JwOEHvxI,Happy Belated,88GLAM,0.617,https://p.scdn.co/mp3-preview/4b377a2206cf2fb31f7ea0f42d1fe73d257bb484?cid=49789426e6c04428a2befbd3c2d79b02
2QjOHCTQ1Jl3zawyYOpxh6,Sweater Weather,The Neighbourhood,0.807,https://p.scdn.co/mp3-preview/877602f424a9dea277b13301ffc516f9fd1fbe7e?cid=49789426e6c04428a2befbd3c2d79b02
79NNAu4BprZ1E1ei89Qjdy,Dudley Boyz (feat. Action Bronson),Westside Gunn,0.745,https://p.scdn.co/mp3-preview/782433b38766e6cb241230b698e312efa8685d43?cid=49789426e6c04428a2befbd3c2d79b02
1n5jPb1ggYPOPDtRCOSAZw,YOTTI,SpliffHappy,0.833,https://p.scdn.co/mp3-preview/b014ec5eba24f5b0ddb0f9d4cc321d649a072f61?cid=49789426e6c04428a2befbd3c2d79b02
17V3ivDbUpH8diWl4vpfxc,Breathe,SpliffHappy,0.78,https://p.scdn.co/mp3-preview/0970f6330ac104211c0e82e368b5f2417e06eaab?cid=49789426e6c04428a2befbd3c2d79b02
7IBLt4Qarf4JDLxIQDv2O5,D.M.B.,A$AP Rocky,0.616,https://p.scdn.co/mp3-preview/c8a38e167e46e155245d1c15047bba8011dcf82c?cid=49789426e6c04428a2befbd3c2d79b02
6pUBrvKfJL4qmn95mxU7rC,Respect the Game,Meek Mill,0.67,https://p.scdn.co/mp3-preview/6de08466cabb89bfc2aa12240174434c3fa3ac58?cid=49789426e6c04428a2befbd3c2d79b02
5TlAXiBCBwiQnIZUAA4Jkg,Professional Rapper (feat. Snoop Dogg),Lil Dicky,0.621,https://p.scdn.co/mp3-preview/0107251788284d4697c6e4be67c9891bbbd84d53?cid=49789426e6c04428a2befbd3c2d79b02
7fYRg3CEbk6rNCuzNzMT06,Potion (with Dua Lipa & Young Thug),Calvin Harris,0.697,https://p.scdn.co/mp3-preview/67b39792f278ef6a0b4359695a3bf8a148d8ff65?cid=49789426e6c04428a2befbd3c2d79b02
5099x34vBakWpGkHourFxP,Qué Pena,Maluma,0.661,https://p.scdn.co/mp3-preview/9dfef3adc223b5b0ea6d7dcb0bfba1734b73adb2?cid=49789426e6c04428a2befbd3c2d79b02
1tm7c4V0kqLiN0XPVnoUcT,Runnin' Thru the 7th with My Woadies,$uicideboy$,0.621,https://p.scdn.co/mp3-preview/f5828bc2b3382715a089561f5f4f53a22cb463c9?cid=49789426e6c04428a2befbd3c2d79b02
6AshXllQhobwSXsdpgp41w,Johnny P's Caddy,Benny The Butcher,0.819,https://p.scdn.co/mp3-preview/1dab0ee17a8e081aaa4832ba454fa1bf81cf7459?cid=49789426e6c04428a2befbd3c2d79b02
4HArHoORbKn0ioYA6cDRhz,City Boy Summer,Tory Lanez,0.692,https://p.scdn.co/mp3-preview/e2985d34cf9b13283752126f41c5f5ff40d6228f?cid=49789426e6c04428a2befbd3c2d79b02
6ieWL5CLN9WdC875guWtMe,Lady Of Namek,Tory Lanez,0.659,https://p.scdn.co/mp3-preview/13ec6bf54c1cb41de7cc78a2a9d8fc7d3402ebec?cid=49789426e6c04428a2befbd3c2d79b02
1TUNcLZZImGkNlviSpQp6H,Head High,Joey Bada$$,0.864,https://p.scdn.co/mp3-preview/a0f0d353cef64c137fc9edbce1e779ed36065127?cid=49789426e6c04428a2befbd3c2d79b02
3a8GG8o0rgWbgjXBRK0mbh,Know Me,Casper TNG,0.609,https://p.scdn.co/mp3-preview/9d13a53e098cf142ede60f463b664769c0a5d485?cid=49789426e6c04428a2befbd3c2d79b02
1m8WpLYXEiNVZchsWEcCSy,Come Through and Chill (feat. J. Cole & Salaam Remi),Miguel,0.653,https://p.scdn.co/mp3-preview/87b0e9f913b83f97ba5618a281f65c35eea9b99f?cid=49789426e6c04428a2befbd3c2d79b02
7ACW7VpgoKmfM1sKo15UhX,"Who Want Smoke?? (feat. G Herbo, Lil Durk & 21 Savage)",Nardo Wick,0.713,https://p.scdn.co/mp3-preview/b92619a9d094d92dcc215a3534e40b1eb0e3d2dd?cid=49789426e6c04428a2befbd3c2d79b02
1P6ZWbU95Y5issu4KXTpwz,thrax,SSGKobe,0.603,https://p.scdn.co/mp3-preview/b57c6f7eeb7e0306e019f0fa4855cb7a00f92ca5?cid=49789426e6c04428a2befbd3c2d79b02
3esaWH2z62yl2daClRTk3U,On the Low (feat. Kodak Black),Shoreline Mafia,0.701,https://p.scdn.co/mp3-preview/acf1564734ff56eb55e7c309a6ab397efd683056?cid=49789426e6c04428a2befbd3c2d79b02
7AVyve7cFYTd51ha5i9kE2,Down Under (feat. Colin Hay),Luude,0.861,https://p.scdn.co/mp3-preview/b8ae74c28138fa58cb3c38a217bf368501b1ff86?cid=49789426e6c04428a2befbd3c2d79b02
6P8L0E1m5Ai6SS13N6ulGh,Blurry Eyes (feat. RUNN),Hotel Garuda,0.699,https://p.scdn.co/mp3-preview/76b7b4ed03664cbc67936747fd2fed88c25af7da?cid=49789426e6c04428a2befbd3c2d79b02
7AzlLxHn24DxjgQX73F9fU,No Idea,Don Toliver,0.631,https://p.scdn.co/mp3-preview/3f83928fb66c8e92a3d5da85d914de54cf20658e?cid=49789426e6c04428a2befbd3c2d79b02
6QeKdjO0YGwHr8m0rwDMSh,My Way,Pascal Junior,0.707,https://p.scdn.co/mp3-preview/e0431aceb5425779eff275e7a89ac831ec46fb39?cid=49789426e6c04428a2befbd3c2d79b02
4o0LyB69tylqDG6eTGhmig,Fire for You,Cannons,0.678,https://p.scdn.co/mp3-preview/af1e71f0072939dd10615dac3f6beebfe06cef52?cid=49789426e6c04428a2befbd3c2d79b02
1yBRKwSEFSmLXLkgCL6uSF,Done,Pascal Junior,0.725,https://p.scdn.co/mp3-preview/2648d652470698e7fbf8f4c1212e56d7fbdc497c?cid=49789426e6c04428a2befbd3c2d79b02
2INP0vUZOtsi9hfw1UzVO2,Stay,Pascal Junior,0.677,https://p.scdn.co/mp3-preview/c96f494dacaaf61828c2e042c12d8c1a1c882be0?cid=49789426e6c04428a2befbd3c2d79b02
5MYFw4T2gy52pOGBN4EYHS,Stay Fly,Three 6 Mafia,0.881,https://p.scdn.co/mp3-preview/fc9258cc85e2ac11e1d57e5cd8adc0284958ea3f?cid=49789426e6c04428a2befbd3c2d79b02
5yX1jR8VbEygSGnY7dXPBq,Headliner,NSG,0.604,https://p.scdn.co/mp3-preview/e4776a5c456e8b4101fca76205039560aa7721ea?cid=49789426e6c04428a2befbd3c2d79b02
7HXBG0W8gFJwHUh5mVF9tf,Rise,Lost Frequencies,0.612,https://p.scdn.co/mp3-preview/1a6e94707f59571d52c5f9d23f064d3c4a7f77a7?cid=49789426e6c04428a2befbd3c2d79b02
5a1Cm3iYkS0nWn9fTijOq4,Are You Lonely,Steve Aoki,0.793,https://p.scdn.co/mp3-preview/9b4c156e22136013fcdb8f513a864e00ffe9b598?cid=49789426e6c04428a2befbd3c2d79b02
4IBwgoDpNG2p7EouVtFw0E,Venice Venture,Big Wild,0.756,https://p.scdn.co/mp3-preview/6015c14ffab53e1906dc6fb2600ab079968416a3?cid=49789426e6c04428a2befbd3c2d79b02
6Owc2SuzwO3LW1SAODYK3l,Melody,Sigala,0.91,https://p.scdn.co/mp3-preview/2b5a2af083d6eedb8fe5c3f6751d252dba53ed65?cid=49789426e6c04428a2befbd3c2d79b02
6UqRGwjwYL0stXbaodTxwo,Seve - Radio Edit,Tez Cadey,0.831,https://p.scdn.co/mp3-preview/c7adbdc0fb4ffbcb8b8e2bf6f5037b58fe6fa36b?cid=49789426e6c04428a2befbd3c2d79b02
3uUuGVFu1V7jTQL60S1r8z,Where Are You Now,Lost Frequencies,0.636,https://p.scdn.co/mp3-preview/e2646d5bc8c56e4a91582a03c089f8038772aecb?cid=49789426e6c04428a2befbd3c2d79b02
59zbXPD0j7JxsVVm480g3b,Shivers (Dillon Francis Remix) [Main Mix],Ed Sheeran,0.828,https://p.scdn.co/mp3-preview/221f0fb587f29ba14cdd3aaaf9d7d418fac163ea?cid=49789426e6c04428a2befbd3c2d79b02
50nfwKoDiSYg8zOCREWAm5,Shivers,Ed Sheeran,0.859,https://p.scdn.co/mp3-preview/08cec59d36ac30ae9ce1e2944f206251859844af?cid=49789426e6c04428a2befbd3c2d79b02
0qLt7pQhm8LDxFgI0YXdlY,Heavenly Father,Isaiah Rashad,0.676,https://p.scdn.co/mp3-preview/f70d43d2290cad9b14c808d5fc356527baeeee74?cid=49789426e6c04428a2befbd3c2d79b02
2WfaOiMkCvy7F5fcp2zZ8L,Take on Me,a-ha,0.902,https://p.scdn.co/mp3-preview/ed66a8c444c35b2f5029c04ae8e18f69d952c2bb?cid=49789426e6c04428a2befbd3c2d79b02
1TfqLAPs4K3s2rJMoCokcS,Sweet Dreams (Are Made of This) - Remastered,Eurythmics,0.711,https://p.scdn.co/mp3-preview/d69101dbd66295473706112d3edf978b70fc4550?cid=49789426e6c04428a2befbd3c2d79b02
1I8tHoNBFTuoJAlh4hfVVE,Firestone,Kygo,0.634,https://p.scdn.co/mp3-preview/fdc52b388511ac852714c41e37ade2cb51178716?cid=49789426e6c04428a2befbd3c2d79b02
1tv6IvWoOilhj0XbBoVVMo,Burn (feat. Big Sean),Meek Mill,0.895,https://p.scdn.co/mp3-preview/ad93d3ce654d6302b6f13b36bae540111dca3bc7?cid=49789426e6c04428a2befbd3c2d79b02
7iWTGGLrsr57Ou23uMsWBN,We On,Ace Hood,0.802,https://p.scdn.co/mp3-preview/9d0cc1955937d94ffd999c358939a96747c06e0c?cid=49789426e6c04428a2befbd3c2d79b02
7xHWNBFm6ObGEQPaUxHuKO,The Greatest (feat. Kendrick Lamar),Sia,0.725,https://p.scdn.co/mp3-preview/873fb7b286131f05434bc7c56899c513f61adb2a?cid=49789426e6c04428a2befbd3c2d79b02
33b2wX9d0kxqxhi7lcsC1A,Unica,Ozuna,0.859,https://p.scdn.co/mp3-preview/d23041c8a3babfc3f07f0af9a28481812bb84df9?cid=49789426e6c04428a2befbd3c2d79b02
7b8aKAUn1BB2k1clevj4aB,Yeah - bonus,Mac Miller,0.793,https://p.scdn.co/mp3-preview/3ad94c7f5d8ba811e070dddaf67621cc9b863ffe?cid=49789426e6c04428a2befbd3c2d79b02
4t6PoAHfGZ1cV90DiObtWx,Automatic,Jack Harlow,0.769,https://p.scdn.co/mp3-preview/6915822104b9535d702fafab7d9b83e073a64516?cid=49789426e6c04428a2befbd3c2d79b02
5EPQXIxxry2D99lq31Hdu7,15th and the 1st (feat. YG Hootie),Gucci Mane,0.672,https://p.scdn.co/mp3-preview/081bb1a3f1ba97460857914ed18def9e09c77e4d?cid=49789426e6c04428a2befbd3c2d79b02
55uvoAKSRcZZmoKU853yd1,Stay Closer,ZHU,0.649,https://p.scdn.co/mp3-preview/06f0af006dcfc06cb431ee099552dc7c970f9422?cid=49789426e6c04428a2befbd3c2d79b02
0tkgmjBMU6qSxolAKB3f2H,MERCEDES,Brent Faiyaz,0.619,https://p.scdn.co/mp3-preview/a607fe82299d01dbbb5049a6db136c0aad105dd8?cid=49789426e6c04428a2befbd3c2d79b02
3LnOF5n1GOs01siYZXzS3p,Drowning (feat. Kodak Black),A Boogie Wit da Hoodie,0.81,https://p.scdn.co/mp3-preview/f770a1a0b3dfb5bc652f89848e45ab9d09f7dc69?cid=49789426e6c04428a2befbd3c2d79b02
6BJbOXDlgVAXSaq6wYFYT2,NC-17,Travis Scott,0.763,https://p.scdn.co/mp3-preview/61775f698136ec38081614a03acba609b1e45285?cid=49789426e6c04428a2befbd3c2d79b02
1nTvSHpuWOKjSAOaqULVnB,The Riddle - Radio Edit Mix,Prezioso,0.808,https://p.scdn.co/mp3-preview/c21195855d6c84d5b2714287668a01209d99c462?cid=49789426e6c04428a2befbd3c2d79b02
0Cqzr5QGrgY2iygBLr8uAp,Stereo Love - Extended Version,Edward Maya,0.782,https://p.scdn.co/mp3-preview/27052fe20b29de302472bee0228ae05e89aed2d6?cid=49789426e6c04428a2befbd3c2d79b02
4KykoaJQ5UxjCpp3lYkvTE,Liquor Store Blues (feat. Damian Marley),Bruno Mars,0.828,https://p.scdn.co/mp3-preview/34d5bdf562bea2fbd76261d4742fdff91b9b8dd9?cid=49789426e6c04428a2befbd3c2d79b02
3NRql0A1Ef4RCvT473iqgD,Hell N Back,Bakar,0.684,https://p.scdn.co/mp3-preview/4f2843e62fa79bc2c1df0ade38654671dc0a784e?cid=49789426e6c04428a2befbd3c2d79b02
4uhvMW7ly7tJil31YYscAN,Erase Your Social,Lil Uzi Vert,0.609,https://p.scdn.co/mp3-preview/73d3e1cf8cfba5154f802ec1c4b8709b59c36b4f?cid=49789426e6c04428a2befbd3c2d79b02
7gHs73wELdeycvS48JfIos,Faded,Alan Walker,0.651,https://p.scdn.co/mp3-preview/633dfd35d836f9b62bab2344510e68270e5e3873?cid=49789426e6c04428a2befbd3c2d79b02
6Hgh47WXVKtXN5zGOu0hjI,OTW,Khalid,0.678,https://p.scdn.co/mp3-preview/1d1ee7f7728856cbf44b2957b85fdfd69a83904b?cid=49789426e6c04428a2befbd3c2d79b02
3V8UKqhEK5zBkBb6d6ub8i,Te Boté - Remix,Nio Garcia,0.675,https://p.scdn.co/mp3-preview/77974faf4e6baee7f084e78680860df4a96559f5?cid=49789426e6c04428a2befbd3c2d79b02
7MmG8p0F9N3C4AXdK6o6Eb,Outside (feat. Ellie Goulding),Calvin Harris,0.823,https://p.scdn.co/mp3-preview/258a571c0ae04c58dad7ff59c49b0bd39cb1986b?cid=49789426e6c04428a2befbd3c2d79b02
7xTY3rJMgj0nh6OOPHgsLw,Freaks And Geeks,Childish Gambino,0.873,https://p.scdn.co/mp3-preview/1738c7c8337913e4e0ebf892a9a9ce8ddc11c351?cid=49789426e6c04428a2befbd3c2d79b02
7vGuf3Y35N4wmASOKLUVVU,Silence,Marshmello,0.761,https://p.scdn.co/mp3-preview/26ea0841d3e1dd4eec371df3c79fbcc4a6aed42d?cid=49789426e6c04428a2befbd3c2d79b02
45ZOQlyz2XJpQREyKWzhe7,Mother Nature (feat. NOISY),Zero,0.98,https://p.scdn.co/mp3-preview/d2d2b67bd3e91e7e4da35855ceeb2715625f9bfd?cid=49789426e6c04428a2befbd3c2d79b02
1CE0qHhs1ptJg01dGROO2c,Cheque,Don Diablo,0.796,https://p.scdn.co/mp3-preview/79a8cfafb0457217479612d02c455b7609d7c91b?cid=49789426e6c04428a2befbd3c2d79b02
47mWy7j3pjnGIAg9gL4ejg,Bunda (feat. Dances With White Girls),Wax Motif,0.927,https://p.scdn.co/mp3-preview/be4eb3413b7bee63192d8583d0ecf6b11f971dc4?cid=49789426e6c04428a2befbd3c2d79b02
0B3H6se7MYo3D7BmzfvdVN,The Parade,Joel Corry,0.886,https://p.scdn.co/mp3-preview/9ac1263b0ce469720b2aa59f667d2bc808089441?cid=49789426e6c04428a2befbd3c2d79b02
19BoXyNUZB8M9PgAyMHVRg,Tell Me,James Carter,0.824,https://p.scdn.co/mp3-preview/4514b69344c39dbe3c52961e668e0352583bdb6d?cid=49789426e6c04428a2befbd3c2d79b02
3lAoqK9lSnZ7JePkZ24TMp,Tainted Love,Harrison,0.828,https://p.scdn.co/mp3-preview/738901c721c09a01d5d5e20f5c43e1034a36ff5c?cid=49789426e6c04428a2befbd3c2d79b02
7JdiXX87BugXUDhQ89GEc8,Deep End - SIDEPIECE Remix,John Summit,0.665,https://p.scdn.co/mp3-preview/51eaf7b0ab60a01cbf85035a5b8b493844f90eae?cid=49789426e6c04428a2befbd3c2d79b02
5ZduaRci3iNUiDfJbBfAaf,Give It To Me - Full Vocal Mix,Matt Sassari,0.869,https://p.scdn.co/mp3-preview/50081928cfabde0d63a4d78f893542711259652d?cid=49789426e6c04428a2befbd3c2d79b02
7dsImih2L25fa6qjNphBI7,Turn off the Lights,Chris Lake,0.745,https://p.scdn.co/mp3-preview/be39b98afb8afeb1b2d8187f9e188749e00efb1b?cid=49789426e6c04428a2befbd3c2d79b02
3EtXo9cEurLpblcdWHuBjT,How Do I Sleep Now,Dallerium,0.759,https://p.scdn.co/mp3-preview/d13f22d11fb1f23425416a06ce45c32c23d80d80?cid=49789426e6c04428a2befbd3c2d79b02
0YnHCIk1Ppy7FIzdvjspts,I Don't Wanna Know,SOMMA,0.805,https://p.scdn.co/mp3-preview/69de8affdea2606652af33a66c1fab20391f4852?cid=49789426e6c04428a2befbd3c2d79b02
1Hx27hvnrymPHonWnQhrSd,Summer Nights,Adam Juhl,0.63,https://p.scdn.co/mp3-preview/4195a36f177098fe1af43662148c31382716d066?cid=49789426e6c04428a2befbd3c2d79b02
0Cv7pfVZT1KjaqpylUsYQH,Vertigo,Curbi,0.846,https://p.scdn.co/mp3-preview/c52f1b7ae5e47a9cc6e55bd3d1c05825a42f90be?cid=49789426e6c04428a2befbd3c2d79b02
6joEpIEWpZYrezVvqrbvxy,Give It to Me,Matt Sassari,0.664,https://p.scdn.co/mp3-preview/ab2a383f269683704d7680af839a6050b76c3bc1?cid=49789426e6c04428a2befbd3c2d79b02
56Za7YLazuE3ILTBKzjtQT,This Is Nightlife - Video Edit,ItaloBrothers,0.784,https://p.scdn.co/mp3-preview/01b857326e4fb7d136ee304447b433f1ba945de2?cid=49789426e6c04428a2befbd3c2d79b02
6gXFJfFXak5OWHXh6Raf8H,Desert Rain (feat. Vika Jigulina),Edward Maya,0.697,https://p.scdn.co/mp3-preview/b5982850aa0fea7dd665760e5e3fe9b280b2b05c?cid=49789426e6c04428a2befbd3c2d79b02
2IHaGyfxNoFPLJnaEg4GTs,"What Is Love - 7"" Mix",Haddaway,0.772,https://p.scdn.co/mp3-preview/1871a3c86c96e19f954e4690a55e141c36425f6f?cid=49789426e6c04428a2befbd3c2d79b02
0F2BxpbxH8Yc3pLub48hrb,Pjanoo - Radio Edit,Eric Prydz,0.874,https://p.scdn.co/mp3-preview/26b7c18ec7fcdce5b77c9983fb6adc15129e3dc1?cid=49789426e6c04428a2befbd3c2d79b02
2YdX7PEziOImkySNDWsaKM,Rise Up - Radio Edit,Yves Larock,0.798,https://p.scdn.co/mp3-preview/b2657fc8616ce8ea1de3b0fe62506c93095b6d33?cid=49789426e6c04428a2befbd3c2d79b02
117q9QEdHOK6fTHu5hZxW2,This is My Life - Radio Version,Edward Maya,0.725,https://p.scdn.co/mp3-preview/70614cae206bd6e9d92be78ce0f5de56f2400a8c?cid=49789426e6c04428a2befbd3c2d79b02
14n0buz71ujiZQwVqvkyuA,Touché - Radio Edit,Bob Sinclar,0.744,https://p.scdn.co/mp3-preview/97fedfbbe58ac86a7a6af1e050f901f991a15361?cid=49789426e6c04428a2befbd3c2d79b02
04zrPERrSO4CfyargthKJ9,Bla Bla Bla,Gigi D'Agostino,0.833,https://p.scdn.co/mp3-preview/954e02f619ba810543afefb7c9f0a84458f7c713?cid=49789426e6c04428a2befbd3c2d79b02
0l3795cAVGOHNdHvooZ25S,Another Way,Gigi D'Agostino,0.806,https://p.scdn.co/mp3-preview/1798df104b33d3915587f74474afc94f6fe44237?cid=49789426e6c04428a2befbd3c2d79b02
0pgEx0eQPVh3fDpJcP4BqL,Strobe - Radio Edit,deadmau5,0.662,https://p.scdn.co/mp3-preview/524a1ba45be3681a526ad5695e26f845d87500cd?cid=49789426e6c04428a2befbd3c2d79b02
2pWMpb8iHfGKsw9BmeUBOK,Feedback,Steve Aoki,0.912,https://p.scdn.co/mp3-preview/45d98504bc058ec051da0fc2865c1bec448aa679?cid=49789426e6c04428a2befbd3c2d79b02
1Thv8uCYzyOFC7PME9J936,"The Island, Pt. I (Dawn)",Pendulum,0.893,https://p.scdn.co/mp3-preview/8a28fb81c2e217ffd7bd8b71e074800491e93271?cid=49789426e6c04428a2befbd3c2d79b02
5FUNk47hbkiL7mxLOo5CYc,Again & Again,Basto,0.929,https://p.scdn.co/mp3-preview/485e70f35dc2439424db5a6190c8c0dbd633f612?cid=49789426e6c04428a2befbd3c2d79b02
3JVTsvTldB6arHVlmxmTnM,Company (feat. Future),24kGoldn,0.727,https://p.scdn.co/mp3-preview/fa7fb0d095b1ccd1d4d122921fa4ae3f7baab0e7?cid=49789426e6c04428a2befbd3c2d79b02
21RzyxY3EFaxVy6K4RqaU9,Body,Loud Luxury,0.764,https://p.scdn.co/mp3-preview/500f32c94358533f3736af033498350a9636e701?cid=49789426e6c04428a2befbd3c2d79b02
6FLPcyjV2JfdqtdT5z4Vv9,Running Wild (Tumblr Girls 2) (feat. Kossisko),G-Eazy,0.789,https://p.scdn.co/mp3-preview/b8c37a9570d6d79b63ebd8daa95da3eacd8cfede?cid=49789426e6c04428a2befbd3c2d79b02
4RQvgOmRgrrfrkCqAvy9TE,SMALL TALK,Russ,0.649,https://p.scdn.co/mp3-preview/9e8a5113bf815b5ca34f70254af78805a4c2a6cd?cid=49789426e6c04428a2befbd3c2d79b02
7EunUT2I09KapnBSqOGvrz,Demons,Sleepy Hallow,0.675,https://p.scdn.co/mp3-preview/c56cf5e07cd4fd36e22b6439b89e3acd9bf15894?cid=49789426e6c04428a2befbd3c2d79b02
6dkYNFH4F8BttEgtjIPoI3,Na Na Na Na Na (Caught Slippin),Ramirez,0.895,https://p.scdn.co/mp3-preview/582df88ef2f883f5064dc8a3869cc580c41151e5?cid=49789426e6c04428a2befbd3c2d79b02
2DTpP3caqX3QdJIEoS83mD,Your Heart,Joyner Lucas,0.637,https://p.scdn.co/mp3-preview/121d6362424a90b743d54c5e7c5ea0e27a580ca6?cid=49789426e6c04428a2befbd3c2d79b02
5ChX0Yt1wPpRJFPPecJZPh,Dreams Unfold,Joyner Lucas,0.62,https://p.scdn.co/mp3-preview/ef934d862aa16d48ad248c62cb04aba85a9e5106?cid=49789426e6c04428a2befbd3c2d79b02
6siDDghVE7fxel5o7fE4OF,Sweater Weather,Gaullin,0.873,https://p.scdn.co/mp3-preview/a6d456ee093362bb392110f973149f5564b884c8?cid=49789426e6c04428a2befbd3c2d79b02
60VNy4PpJvBZxL3fztmU3t,Yellow Ferrari,The Toxic Avenger,0.686,https://p.scdn.co/mp3-preview/facb44493de281c88235c4667b01deab6487f13c?cid=49789426e6c04428a2befbd3c2d79b02
2vXKRlJBXyOcvZYTdNeckS,Lost in the Fire (feat. The Weeknd),Gesaffelstein,0.671,https://p.scdn.co/mp3-preview/d5e5adc04a0da97852782c7c4a49807a3f5a0262?cid=49789426e6c04428a2befbd3c2d79b02
3q9oTSo64CrjOiPwI4DbWE,Baianá,Bakermat,0.722,https://p.scdn.co/mp3-preview/b27af037e83b336a4f4ced48947a370ce7adef17?cid=49789426e6c04428a2befbd3c2d79b02
4yvKqltUO2ogccevjmT5Yc,Forever (Pt. II) (feat. Kaleem Taylor),Snakehips,0.808,https://p.scdn.co/mp3-preview/ded4af5a3f6189030c5ea3aebb8ff299c081aa78?cid=49789426e6c04428a2befbd3c2d79b02
6Sun0pDZ9Dg5TRF1vSy32V,Used To Be - Rasster Remix,GASHI,0.929,https://p.scdn.co/mp3-preview/ac5012640da920891288bda8ceabdd9edbd0cf9f?cid=49789426e6c04428a2befbd3c2d79b02
4IlqQhaxrGPxmg35YcXXuS,Dancin - Krono Remix,Aaron Smith,0.727,https://p.scdn.co/mp3-preview/9b85aedbcdbef34dc0364e4a572035762873cc8e?cid=49789426e6c04428a2befbd3c2d79b02
38HkYfvnhHLLB5Yaj2VpZg,No Photos,Don Toliver,0.729,https://p.scdn.co/mp3-preview/8221e6eff2c4d4e32594dff726d8babb2170cb3d?cid=49789426e6c04428a2befbd3c2d79b02
1v3Ozpbcx2B926aVW0UuXk,AOK,Tai Verdes,0.626,https://p.scdn.co/mp3-preview/19112a946bbfa798cbd575c202db842a49921c2e?cid=49789426e6c04428a2befbd3c2d79b02
3nfARfVxSqwFahp3yY53aD,Get Throwed,Don Toliver,0.725,https://p.scdn.co/mp3-preview/c05b9bbe6a81059253530cdd46711251458e41dc?cid=49789426e6c04428a2befbd3c2d79b02
2XK2iL9gSAlYIAbklTHxbk,Double Standards,Don Toliver,0.644,https://p.scdn.co/mp3-preview/9999c24fb6326bfa4bd85d68f7e50fe7ee6a08ce?cid=49789426e6c04428a2befbd3c2d79b02
0GzuHFG4Ql6DoyxFRnIk3F,Hawái - Remix,Maluma,0.788,https://p.scdn.co/mp3-preview/34baf30abf14111ead12dd1bea521f13bc8b9d1a?cid=49789426e6c04428a2befbd3c2d79b02
557JEBNqSn0RU4H5RtY286,LIQUID,BROCKHAMPTON,0.631,https://p.scdn.co/mp3-preview/1c7fc8b724860c2a7f82e0f7847a7890e5109f79?cid=49789426e6c04428a2befbd3c2d79b02
2KOhaiCh49qLvpCyRStvam,GREENER KNOTS,Maxo Kream,0.638,https://p.scdn.co/mp3-preview/2c3f56631d8126d3a5cd715354f634b76b66507d?cid=49789426e6c04428a2befbd3c2d79b02
2PWe4eN2vvwfck9dVuwM78,Revolution (Absence Remix) [feat. Faustix & Imanos and Kai],Diplo,0.661,https://p.scdn.co/mp3-preview/5d38b0549187b9b384a7c64f1e7f1a491c4a31fd?cid=49789426e6c04428a2befbd3c2d79b02
1tkipCYkIgti8f1tqjfcWe,Ambition For Cash,Key Glock,0.732,https://p.scdn.co/mp3-preview/f1e6a37047b6cdce896d40a6d7f746efcff5f495?cid=49789426e6c04428a2befbd3c2d79b02
18asYwWugKjjsihZ0YvRxO,The Motto,Tiësto,0.763,https://p.scdn.co/mp3-preview/f1bc601f20aed02799fc5adaf39c664e4ffa5101?cid=49789426e6c04428a2befbd3c2d79b02
5reQI13tWWYDLMrGcUF4Mk,Nuestra Canción,Monsieur Periné,0.731,https://p.scdn.co/mp3-preview/16e1df4b3f65e45d134cc61e8e337e371469da8c?cid=49789426e6c04428a2befbd3c2d79b02
383Xl5QTigwj3QiA3Qc6S7,The Devil Went Down to Georgia,The Charlie Daniels Band,0.626,https://p.scdn.co/mp3-preview/db97d1a67debfcdf9d1c7921c85af469d88b1a6c?cid=49789426e6c04428a2befbd3c2d79b02
3J4VKkUpLvomXJbn9ZAypO,Sharing Locations (feat. Lil Baby & Lil Durk),Meek Mill,0.63,https://p.scdn.co/mp3-preview/1fd2b7c307a4fdf5a46236cc4c1c58cbc0146c17?cid=49789426e6c04428a2befbd3c2d79b02
7Bpx2vsWfQFBACRz4h3IqH,family ties (with Kendrick Lamar),Baby Keem,0.611,https://p.scdn.co/mp3-preview/e354f034ac7940e1cb0e0036c48baf3bcb46c4e2?cid=49789426e6c04428a2befbd3c2d79b02
4WQk1ivjM6rphaG8ZDc962,Bigger Than Life,Lil Uzi Vert,0.752,https://p.scdn.co/mp3-preview/2f4c93b1ce4d9e916a628291a3b7809d20c0a4f5?cid=49789426e6c04428a2befbd3c2d79b02
2CxjDTsUBmVlcMjjy2UETJ,ULTRA VIOLET,Thouxanbanfauni,0.714,https://p.scdn.co/mp3-preview/1c255eceb258abb55d6eb4f6d7e6867ab9aed72d?cid=49789426e6c04428a2befbd3c2d79b02
7w0BSw2zbz5k2YY7FOAsSm,Situation,Don Toliver,0.634,https://p.scdn.co/mp3-preview/f1a28620109a33b57a6dc2d4ae28628f4c47efac?cid=49789426e6c04428a2befbd3c2d79b02
1WoOzgvz6CgH4pX6a1RKGp,My Way (feat. Monty),Fetty Wap,0.741,https://p.scdn.co/mp3-preview/018054e25245ef5fd9abda538a6b73ffcb8bd0bf?cid=49789426e6c04428a2befbd3c2d79b02
56AMYGJzxBO6p8v0wEe9de,Hot (Remix) [feat. Gunna and Travis Scott],Young Thug,0.631,https://p.scdn.co/mp3-preview/631a0f89e67be25aaaa66e855ce30f39666aabf5?cid=49789426e6c04428a2befbd3c2d79b02
3XiNC94b4Tq1xwv70sQJGN,Sanguine Paradise,Lil Uzi Vert,0.603,https://p.scdn.co/mp3-preview/be7bd6858e8b97904c76a1028954f57e995c6e2a?cid=49789426e6c04428a2befbd3c2d79b02
3uYm4MtU6jUQft2DtGqEoZ,Knock Knock,Mac Miller,0.922,https://p.scdn.co/mp3-preview/37fa52faa98ac4d92281488023da1b4e5e51efce?cid=49789426e6c04428a2befbd3c2d79b02
0hy1SOTEn9ifXTzOwnCwEr,All Eyes on You (feat. Chris Brown & Nicki Minaj),Meek Mill,0.658,https://p.scdn.co/mp3-preview/0413666db260eff3b8a3c7b515bbb93747774529?cid=49789426e6c04428a2befbd3c2d79b02
0pSBuHjILhNEo55xK1zrRt,Rolex,Ayo & Teo,0.886,https://p.scdn.co/mp3-preview/7171e6e1709f269a6d88d0d343414d8d5d4d1894?cid=49789426e6c04428a2befbd3c2d79b02
4DTpngLjoHj5gFxEZFeD3J,Codeine Dreaming (feat. Lil Wayne),Kodak Black,0.604,https://p.scdn.co/mp3-preview/3f925199ee90b169ee9e4b4add69de172f252cea?cid=49789426e6c04428a2befbd3c2d79b02
6kex4EBAj0WHXDKZMEJaaF,Swalla (feat. Nicki Minaj & Ty Dolla $ign),Jason Derulo,0.817,https://p.scdn.co/mp3-preview/78219b6d9b0b7ae621da0d11090995a301e24f3c?cid=49789426e6c04428a2befbd3c2d79b02
5qZIrB9CjgKdMspTFkUbNt,Beam (feat. Playboi Carti),88rising,0.659,https://p.scdn.co/mp3-preview/8aff44552647f5409d58fc3371186f294821975e?cid=49789426e6c04428a2befbd3c2d79b02
527k23H0A4Q0UJN3vGs0Da,After Party,Don Toliver,0.692,https://p.scdn.co/mp3-preview/aa5c75b892ac13349826248a278f295377a59264?cid=49789426e6c04428a2befbd3c2d79b02
7tr2za8SQg2CI8EDgrdtNl,Slide (feat. Frank Ocean & Migos),Calvin Harris,0.795,https://p.scdn.co/mp3-preview/16f9a0b74ce7aa75cfcfcd2bd928cda87ba11045?cid=49789426e6c04428a2befbd3c2d79b02
2fujhLR4zhDRPbYDhI0xRr,Who I Smoke,Spinabenz,0.737,https://p.scdn.co/mp3-preview/d66893cb083c43b1971f7e1fd8ad620b08e1ba47?cid=49789426e6c04428a2befbd3c2d79b02
4dTaAiV9xFFCxnPur9c9yL,Memories (feat. Kid Cudi),David Guetta,0.87,https://p.scdn.co/mp3-preview/142a5e572bed7e1e646c835a1ea426997b7f3ff8?cid=49789426e6c04428a2befbd3c2d79b02
63BcfK6YAzJYeISaTPr6IO,Big Poppa - 2007 Remaster,The Notorious B.I.G.,0.671,https://p.scdn.co/mp3-preview/35839ad00eb18394bc613e8554e12ebc77f64353?cid=49789426e6c04428a2befbd3c2d79b02
59JWp4PjZ9TRM8cmtaDYB1,Yessirskiii,Lil Uzi Vert,0.739,https://p.scdn.co/mp3-preview/9e0cd0336fe840b1ee43c7d08480a962e814cc82?cid=49789426e6c04428a2befbd3c2d79b02
7hZoTr4ffMGqm9opMiGmBp,ONCE UPON A TIME (FREESTYLE),IDK,0.807,https://p.scdn.co/mp3-preview/9b6d2d4b20234122682eac6a9a3a75fe1a11d193?cid=49789426e6c04428a2befbd3c2d79b02
0joQFwiBKmi6X1Iq5R1ubH,Codeine Crazy,Future,0.617,https://p.scdn.co/mp3-preview/c31a928608fcc674f4d2b8648cb70d87abbb9e15?cid=49789426e6c04428a2befbd3c2d79b02
0D3m8Q30hzGyJKH7LiPZl2,Swag Flu,KILLY,0.676,https://p.scdn.co/mp3-preview/420877fcd099ec7121c39656ff7f15d9b08798f4?cid=49789426e6c04428a2befbd3c2d79b02
4HwAJXq7oprrAvsyZI2XxT,Black Bruce Wayne,Tunji Ige,0.635,https://p.scdn.co/mp3-preview/afd69bcdcfd0b935cc6e636ed8d366499acb2525?cid=49789426e6c04428a2befbd3c2d79b02
2PBzQP1Flj1t0TOubfBkJQ,Japan,Gunna,0.638,https://p.scdn.co/mp3-preview/66b9e686f28cab656b72513ccb7584f04b2c4e67?cid=49789426e6c04428a2befbd3c2d79b02
1uMzK2gBY5VFzsuCQTChfn,FINER THINGS,KILLY,0.723,https://p.scdn.co/mp3-preview/6424204c301a94f4fa29972fcf224edf9e0fe981?cid=49789426e6c04428a2befbd3c2d79b02
18lkWhwmY0fVVv40eCxohv,Hatchback,Cochise,0.69,https://p.scdn.co/mp3-preview/ae0fe1e36c6c03b7abc8611c0b76dabdfc79d3f3?cid=49789426e6c04428a2befbd3c2d79b02
5lw8Mgb4LyhriPIC86gV6e,RNP (feat. Anderson .Paak),Cordae,0.714,https://p.scdn.co/mp3-preview/57fe79517f118c84b3b9d191958362545486d8f6?cid=49789426e6c04428a2befbd3c2d79b02
4fSIb4hdOQ151TILNsSEaF,Todo De Ti,Rauw Alejandro,0.718,https://p.scdn.co/mp3-preview/fce5366537fbc618ade7aba6ebeef1ec4a79d0de?cid=49789426e6c04428a2befbd3c2d79b02
7bcHU50mENL3al5DhEJc7J,Terra promessa,Eros Ramazzotti,0.665,https://p.scdn.co/mp3-preview/7f8e6c27b6de891b934ad989b2ad8eea757d7dab?cid=49789426e6c04428a2befbd3c2d79b02
3kml9ZdpT7UYk1ugkjqOzt,Don Don,Daddy Yankee,0.819,https://p.scdn.co/mp3-preview/643b1c3fb8ada0de2c9ddc1fc6b7780bf460761b?cid=49789426e6c04428a2befbd3c2d79b02
72GT4vlxNfMTeFt9hgTHW7,Bandemic,Bizzy Banks,0.628,https://p.scdn.co/mp3-preview/8fe2cf6cf9e6b64cf7a7403c1582c13725872b90?cid=49789426e6c04428a2befbd3c2d79b02
0UlinN0HQMMvezbjG8Ff6U,CUANDO ME VEN,Myke Towers,0.706,https://p.scdn.co/mp3-preview/bf593c70912671bdfb79818dddfe51c3c63e1dd7?cid=49789426e6c04428a2befbd3c2d79b02
6ZPU73akrp4hU6Ua2jSjtI,Tip Toe,Sheff G,0.622,https://p.scdn.co/mp3-preview/5c4171fb55c45728a77edeeb2ac381f5848567a4?cid=49789426e6c04428a2befbd3c2d79b02
11SsZjc73w58L5y0csv67t,West Orlando Flow,Caleb Gordon,0.683,https://p.scdn.co/mp3-preview/321cb6cba81e0b00c86930b0a841f1358c02ab87?cid=49789426e6c04428a2befbd3c2d79b02
1vNn7rVQT6UtEW1NGH53fT,All Night Longer,Sammy Adams,0.649,https://p.scdn.co/mp3-preview/54e7f0891cdc8ad37935270461d6d06a3f84da7f?cid=49789426e6c04428a2befbd3c2d79b02
0RlsFYqkOzlg4ZxVQs9YJA,Lay Wit Ya (feat. Duke Deuce),Isaiah Rashad,0.861,https://p.scdn.co/mp3-preview/5501de094538777938484178b02edf1c3afeb357?cid=49789426e6c04428a2befbd3c2d79b02
34S4m6c5KQkPBl7Am9uQQa,Man Down (feat. Chris Brown),YBN Nahmir,0.609,https://p.scdn.co/mp3-preview/0fd3a0add9ae00a4dfa9e4195b4da1db8043ad86?cid=49789426e6c04428a2befbd3c2d79b02
0IakguBBeTUsAILmugkEam,You Right,Doja Cat,0.621,https://p.scdn.co/mp3-preview/6f9e50e5f716c7e2441d4e0262304656c5b108fa?cid=49789426e6c04428a2befbd3c2d79b02
3bAHX6bcQnRgEdz6xlEmH8,Body (Remix) - feat. Jack Harlow,Tion Wayne,0.68,https://p.scdn.co/mp3-preview/b51b6ef59be315b54a5cc97c46948b9b400cbb63?cid=49789426e6c04428a2befbd3c2d79b02
48WidxP9CqyYtk97pwGZ3c,Wasting Time ( feat. Drake & The Neptunes ),Brent Faiyaz,0.72,https://p.scdn.co/mp3-preview/0f376aa711cfcb412af68450076cfdcb3519946b?cid=49789426e6c04428a2befbd3c2d79b02
5c6koqTfHw2wvb7LaFWWrC,Feel Like Pop,Rah Swish,0.647,https://p.scdn.co/mp3-preview/2d1c4359e29b1922ec892fb4547b30f3e91ef306?cid=49789426e6c04428a2befbd3c2d79b02
2OPxM2L3KtuehqY24vTMGs,Heart Mind,Kodak Black,0.641,https://p.scdn.co/mp3-preview/17b759bac7968c08989a4ca85b50c2eb327eecf3?cid=49789426e6c04428a2befbd3c2d79b02
1AEYT6VxrxXPMoQUxsY0E4,Headstrong,Trapt,0.896,https://p.scdn.co/mp3-preview/c4e0342c41777808ed63d0eed5576b6e34176ab9?cid=49789426e6c04428a2befbd3c2d79b02
501sz40LhXSFQHA2LTXMpw,In Your Eyes,Nora En Pure,0.693,https://p.scdn.co/mp3-preview/d0debe92f77644be1df7a7290f022cab1b19e11c?cid=49789426e6c04428a2befbd3c2d79b02
7w87IxuO7BDcJ3YUqCyMTT,Pumped Up Kicks,Foster The People,0.71,https://p.scdn.co/mp3-preview/2213bf4173a9b50a807a30121ed6b559a7778209?cid=49789426e6c04428a2befbd3c2d79b02
3E5R61s1v3K6Us4QXKXE5r,You Can't Stop Me,Andy Mineo,0.826,https://p.scdn.co/mp3-preview/fef9680419a4f13449cef5d1541a04960fba24e3?cid=49789426e6c04428a2befbd3c2d79b02
51gbF0SxTmxgAguiWWUXPu,Jump (feat. Gizzle),Lupe Fiasco,0.762,https://p.scdn.co/mp3-preview/51966bc3871a9184ce15bbe89e7c1b9b4f47a336?cid=49789426e6c04428a2befbd3c2d79b02
57yL3161hUMuw06zzzUCHi,Doubt,Twenty One Pilots,0.645,https://p.scdn.co/mp3-preview/72406a0bdb0dfa74609472196a41215f5c4f789e?cid=49789426e6c04428a2befbd3c2d79b02
4h7qcXBtaOJnmrapxoWxGf,Isis (feat. Logic),Joyner Lucas,0.936,https://p.scdn.co/mp3-preview/cbca4bbe478119e27726fe28a5f6ab6b9c136ff5?cid=49789426e6c04428a2befbd3c2d79b02
31RYcUDhkqkH1W2xxnzBjY,Forbes,G-Eazy,0.782,https://p.scdn.co/mp3-preview/1760693b9e5f036e274ea60e5591b1660922ab99?cid=49789426e6c04428a2befbd3c2d79b02
25rc1PFgPvtV6GFSloyOI0,New Level (feat. Future),A$AP Ferg,0.703,https://p.scdn.co/mp3-preview/bdab1030a1a97a1349492d920e5ea64f26662a4a?cid=49789426e6c04428a2befbd3c2d79b02
6HMHgBHdLBQ0QYIaOp2gse,I Don't Get Tired (#IDGT) (feat. August Alsina),Kevin Gates,0.698,https://p.scdn.co/mp3-preview/58e1ee9f31a1a1d405aad5503d5d74e508f8aea8?cid=49789426e6c04428a2befbd3c2d79b02
2e9EZ2V5QGGZPMJacO3y0Y,Grove St. Party (feat. Kebo Gotti),Waka Flocka Flame,0.702,https://p.scdn.co/mp3-preview/9e5de11b2665cb895f0e69234b8e3a45ddbf3ae8?cid=49789426e6c04428a2befbd3c2d79b02
1j6kDJttn6wbVyMaM42Nxm,Lord Pretty Flacko Jodye 2 (LPFJ2),A$AP Rocky,0.72,https://p.scdn.co/mp3-preview/246ee8e467fba5701f3b15a81a69194079b41f2a?cid=49789426e6c04428a2befbd3c2d79b02
2rzBvHM9h36Tpdj7Jdajka,Wild for the Night (feat. Skrillex & Birdy Nam Nam),A$AP Rocky,0.848,https://p.scdn.co/mp3-preview/7faa94e32703114132b53a9bc7c7a09729ad4a5d?cid=49789426e6c04428a2befbd3c2d79b02
10I3CmmwT0BkOVhduDy53o,Really Really,Kevin Gates,0.666,https://p.scdn.co/mp3-preview/5df72a13347062ea9e32c89e743136ee4ccf3de6?cid=49789426e6c04428a2befbd3c2d79b02
42zd6DYQ4o4SECmTITrM1U,Dreams and Nightmares,Meek Mill,0.774,https://p.scdn.co/mp3-preview/75b917bf69e1f1dbeddfae6f11daf678a7fc7a71?cid=49789426e6c04428a2befbd3c2d79b02
7sjwaBQ6M3aVigYfBjm1sL,Ima Boss (feat. Rick Ross),Meek Mill,0.87,https://p.scdn.co/mp3-preview/7b0a233e908d676945aa00e8beffaaab52576edd?cid=49789426e6c04428a2befbd3c2d79b02
37EDnGj3yFe5Hs4Zk3s3YF,Monster,Meek Mill,0.75,https://p.scdn.co/mp3-preview/9bfbf3a35c538837f42899a7bca2d5c1ad4f7523?cid=49789426e6c04428a2befbd3c2d79b02
1rZah1UGXvgiQCqLVlq4hS,King of Everything,Wiz Khalifa,0.756,https://p.scdn.co/mp3-preview/7a3927853bfd93691a113800d2c75117dfc69a0f?cid=49789426e6c04428a2befbd3c2d79b02
3tZlxGCaynTIKK83TF4uPB,Old English,Salva,0.802,https://p.scdn.co/mp3-preview/6d15844d11c8efebc795ad9b9239ac5c60b39020?cid=49789426e6c04428a2befbd3c2d79b02
3WcC6NH9J77xPEvj1SOL7z,March Madness,Future,0.69,https://p.scdn.co/mp3-preview/422de064f840fcec9cc1ddef3da4d34fea9d07cf?cid=49789426e6c04428a2befbd3c2d79b02
1x6Zk7hoTIlSOFNZnyxjZD,Upper Echelon (feat. T.I. & 2 Chainz),Travis Scott,0.617,https://p.scdn.co/mp3-preview/9cb8a36a60c65b2fe404446ddcea952dd0819a31?cid=49789426e6c04428a2befbd3c2d79b02
1jJci4qxiYcOHhQR247rEU,Kids,MGMT,0.931,https://p.scdn.co/mp3-preview/efb065069d22384206b0fc703c6f99734d33411d?cid=49789426e6c04428a2befbd3c2d79b02
29UgEHyxg63NDzckA3hLk5,Lockjaw (feat. Kodak Black),French Montana,0.648,https://p.scdn.co/mp3-preview/454fc6f63598c92c5617178f4aca2198af67d9e3?cid=49789426e6c04428a2befbd3c2d79b02
2Fw5S2gaOSZzdN5dFoC2dj,A.D.H.D,Kendrick Lamar,0.799,https://p.scdn.co/mp3-preview/373593dd102cf4caddd5f3404aa1150bc186adcd?cid=49789426e6c04428a2befbd3c2d79b02
0XzyXP0E9jsoOwu5Rd7hTV,Sleepless,Flume,0.688,https://p.scdn.co/mp3-preview/8f74c3c56e03704d63d674174de0aa96c5699de2?cid=49789426e6c04428a2befbd3c2d79b02
4fV6yeuoBSoW69WIPv25TN,Top 5 (feat. Playboi Carti),Kap G,0.671,https://p.scdn.co/mp3-preview/6d2c354396cb583b3a38ba27718ce0b0a49d0103?cid=49789426e6c04428a2befbd3c2d79b02
3McTpsUQfEDrlNd2ikro2E,All the Smoke (feat. Gunna & Wiz Khalifa),Tyla Yaweh,0.822,https://p.scdn.co/mp3-preview/717ea0d5b1c0b6e8b55712e57d5a5eb8a37c84ad?cid=49789426e6c04428a2befbd3c2d79b02
0q6LuUqGLUiCPP1cbdwFs3,On Melancholy Hill,Gorillaz,0.739,https://p.scdn.co/mp3-preview/75a403bfee0fea05ed437b8e84ce4e8cbb8d5b62?cid=49789426e6c04428a2befbd3c2d79b02
14X1WxiHXdVRJ99cMCBzOE,How I Move (feat. Lil Baby),Flipp Dinero,0.635,https://p.scdn.co/mp3-preview/592e4a17593869130299002677ff7f60a7c3550b?cid=49789426e6c04428a2befbd3c2d79b02
0fFWxRZGKR7HDW2xBMOZgW,5 Thousand Singles,SAINt JHN,0.799,https://p.scdn.co/mp3-preview/cd06f0f77622b75e9c5d98eda0a34427d23e9296?cid=49789426e6c04428a2befbd3c2d79b02
2XeMW0BNHdAbXVRZ3C1D09,YES! (feat. Rich The Kid & K CAMP),KYLE,0.666,https://p.scdn.co/mp3-preview/b03e529f0ec0465b2f3e21bf21ab3164a324ee73?cid=49789426e6c04428a2befbd3c2d79b02
3SEd8nPd8MpGwk6ZZ8tk2j,Mamacita (feat. Rich Homie Quan & Young Thug),Travis Scott,0.768,https://p.scdn.co/mp3-preview/e3a954e55d60f969fd099d7657193474761a4276?cid=49789426e6c04428a2befbd3c2d79b02
01DGSKcBCSQ3pRJ4q4Ekmj,SUNDAY NIGHT,Jack Harlow,0.76,https://p.scdn.co/mp3-preview/044891dba5996130204eb7f42b8b97c5ef68511f?cid=49789426e6c04428a2befbd3c2d79b02
64PiOjYeHRjU5NNjXBGvdn,Pop Star,Lil Skies,0.703,https://p.scdn.co/mp3-preview/8ab4850e49554f5ba6a5940e587fa17d6916ce13?cid=49789426e6c04428a2befbd3c2d79b02
4UYQHTgOlSdaQWfUTAjpop,Void,Pouya,0.854,https://p.scdn.co/mp3-preview/c4618d80420cd23b9aa32f92c31dca5015936d39?cid=49789426e6c04428a2befbd3c2d79b02
0Rx0DJI556Ix5gBny6EWmn,Paradise,Bazzi,0.644,https://p.scdn.co/mp3-preview/406eabab4c68a42317bbc0b0bdb85900befe341c?cid=49789426e6c04428a2befbd3c2d79b02
4IO8X9W69dIQe0EC5ALXhq,Immortal,21 Savage,0.87,https://p.scdn.co/mp3-preview/3f304ff1c99f8c0ba763e7ac66f7c205fc5fb474?cid=49789426e6c04428a2befbd3c2d79b02
237B0GS3Y8VwGGD9bGl1vG,Red Dot Music,Mac Miller,0.686,https://p.scdn.co/mp3-preview/f2bb44eaa2b83a911625985f6b1ed29195cf9338?cid=49789426e6c04428a2befbd3c2d79b02
3CRDbSIZ4r5MsZ0YwxuEkn,Stressed Out,Twenty One Pilots,0.637,https://p.scdn.co/mp3-preview/d01bb6b4b9952d95d2609632474cda8e632e044d?cid=49789426e6c04428a2befbd3c2d79b02
3s6ltUrI93LBKU8taezsLn,Magic in the Air (feat. Ahmed Chawki),Magic System,0.907,https://p.scdn.co/mp3-preview/b09d14ab3d25bc6a56243062fc90a26015ae1594?cid=49789426e6c04428a2befbd3c2d79b02
22Sh5dlwbERqJAq1fZk5b2,De Cora <3,Rauw Alejandro,0.683,https://p.scdn.co/mp3-preview/54847a8fbb78549a1e3de168581d2d3f696af169?cid=49789426e6c04428a2befbd3c2d79b02
1oBbet1xcWpWgOw2Ddzsaj,GOTA GOTA,Zion & Lennox,0.954,https://p.scdn.co/mp3-preview/44f7c49daa0528009e8db63316cc82219441ef1f?cid=49789426e6c04428a2befbd3c2d79b02
6ZFcEzWIyh99vYDg55uqrl,Pineapple Tequila Dreams,Ashya,0.649,https://p.scdn.co/mp3-preview/41c5edd626720af82712034fd340eefb84c548d7?cid=49789426e6c04428a2befbd3c2d79b02
6nEx6Or7mScLf7BaZ5WfV9,Xanax and Patron,Berner,0.808,https://p.scdn.co/mp3-preview/54b7f69c07f02f2940a1ab089abc83520a55c217?cid=49789426e6c04428a2befbd3c2d79b02
5lXY6PTuWXOludKy4zDQwM,On My Mind,Diplo,0.731,https://p.scdn.co/mp3-preview/83708cc98d051cb15afb8874db12ce349f0ca27b?cid=49789426e6c04428a2befbd3c2d79b02
5W3cjX2J3tjhG8zb6u0qHn,"Harder, Better, Faster, Stronger",Daft Punk,0.716,https://p.scdn.co/mp3-preview/18372aae97b8d78de63f3fa200cc36a6eef5e98e?cid=49789426e6c04428a2befbd3c2d79b02
7HdNB8nvJOBwHa8hIkzvxp,"If I'm Lyin', I'm Flyin'",Kodak Black,0.617,https://p.scdn.co/mp3-preview/db5916bbf397552ffb597e4a2eb9a72f12e0da94?cid=49789426e6c04428a2befbd3c2d79b02
0diqiEUdyPcBJ1jQuP9cBn,Aftershock,Pouya,0.73,https://p.scdn.co/mp3-preview/9dada984406c20a614167a182935d598e0cf6282?cid=49789426e6c04428a2befbd3c2d79b02
5bknBRjKJZ643DAN2w8Yoy,FACE,BROCKHAMPTON,0.702,https://p.scdn.co/mp3-preview/d38fa544144e18a9d8655ca0e84ce882f9b8b14c?cid=49789426e6c04428a2befbd3c2d79b02
68wXv4DokvcOVNvuJ7FbWp,CUT EM IN (feat. Rick Ross),Anderson .Paak,0.777,https://p.scdn.co/mp3-preview/ff5721cd769c31ade8baa51a188169abcdc23475?cid=49789426e6c04428a2befbd3c2d79b02
28FOofHvKgLp5bng45jzVY,Hilo,graves,0.72,https://p.scdn.co/mp3-preview/025a2f49264539147db73dadb30fbf2000881aab?cid=49789426e6c04428a2befbd3c2d79b02
4evLCSpSBy3yRUEPbBN8ux,Wraith,T.I.,0.716,https://p.scdn.co/mp3-preview/2368bbd5f906cd3022507a81e0b6839917e069b2?cid=49789426e6c04428a2befbd3c2d79b02
4z0PnuB07fxtVZZRWsCfxb,100 Grandkids,Mac Miller,0.749,https://p.scdn.co/mp3-preview/9cbd788c9aa78fa751fa9160e2d08e011154b15e?cid=49789426e6c04428a2befbd3c2d79b02
7v96VvFLS0wSYT8kewNLRy,24 (feat. Lil Baby),Money Man,0.638,https://p.scdn.co/mp3-preview/66aeb8b712f893c8bf1088a4a35a9e3a4805357e?cid=49789426e6c04428a2befbd3c2d79b02
1aMokXl3uKDvCh4BBcjFOA,Lil Top,YoungBoy Never Broke Again,0.654,https://p.scdn.co/mp3-preview/e2837c20deff0cdd6579c91bdc40cca5abeb1001?cid=49789426e6c04428a2befbd3c2d79b02
0Tcw8w9pvPrZoORgxsNASW,Over Your Head,Future,0.742,https://p.scdn.co/mp3-preview/fda87ffa76a7a9215373c51a1beb24535759d169?cid=49789426e6c04428a2befbd3c2d79b02
6xQPfqFC4jecPJDpLhq3X1,The Way to Go,mike.,0.618,https://p.scdn.co/mp3-preview/c51d618860e020ab9513052088ff91424738c061?cid=49789426e6c04428a2befbd3c2d79b02
6XAA7T9VHcqKQSzjmXAJ8o,That's All She Wrote,T.I.,0.785,https://p.scdn.co/mp3-preview/dc8af26a6ef55f15e6ad46ca6bd508ac650f3ada?cid=49789426e6c04428a2befbd3c2d79b02
376bXpxgSDqX4VBEwnwPTT,Do Me Wrong,Kid Ink,0.654,https://p.scdn.co/mp3-preview/e87bf7c93f8d32d9cd80ed9204fa3c76fcbbeb5d?cid=49789426e6c04428a2befbd3c2d79b02
2iicKPnvOKfbJZJZtuQnjy,Neighbor (feat. Travis Scott),Juicy J,0.748,https://p.scdn.co/mp3-preview/06cdb5cffc4dc61c024c9d48949e7b28805e7870?cid=49789426e6c04428a2befbd3c2d79b02
5GorCbAP4aL0EJ16frG2hd,Boulevard of Broken Dreams,Green Day,0.682,https://p.scdn.co/mp3-preview/258775e7324ab09be650b91d322d22948ed9df1a?cid=49789426e6c04428a2befbd3c2d79b02
0oYtPsCCZOEq9j6Qzfi40Q,Move On,Wiz Khalifa,0.608,https://p.scdn.co/mp3-preview/166ab65454ef69910bbb8cc75cc50640121ac84d?cid=49789426e6c04428a2befbd3c2d79b02
0chpQTaECrCZBusarf71Ql,Blue - Flume Remix,Eiffel 65,0.701,https://p.scdn.co/mp3-preview/61093cc18791fc3bb5b35974fa4636d0f5c67331?cid=49789426e6c04428a2befbd3c2d79b02
2aWVaW1p2kUc5yuKwBmRJi,I WANNA SEE SOME ASS (feat. jetsonmade),Jack Harlow,0.691,https://p.scdn.co/mp3-preview/a77f1ec0bb831873d77af8921731d3694e45b752?cid=49789426e6c04428a2befbd3c2d79b02
5V4Sx4VKnHwyM6CjZnfce2,Not Good At Not,Morgan Wallen,0.814,https://p.scdn.co/mp3-preview/2260564b9a3f906469d91d57f2e15e9eb74bbd56?cid=49789426e6c04428a2befbd3c2d79b02
7epGknfpAlH1u33S71Ur1o,Lose It,Kane Brown,0.854,https://p.scdn.co/mp3-preview/d594570557c0dd71f0a7eb63d7d51b6912096118?cid=49789426e6c04428a2befbd3c2d79b02
2G60ShHRZZhqxSKbZTWdOh,I Can't Even Lie (feat. Future & Nicki Minaj),DJ Khaled,0.62,https://p.scdn.co/mp3-preview/012c4f8e502609be22d78fae9bc54dfa70cb0f82?cid=49789426e6c04428a2befbd3c2d79b02
7JpewU9FPkJyiOi0CErkpI,The Greatest,Futuristic,0.839,https://p.scdn.co/mp3-preview/0605569aa5720a08f29210ad5722264b05e53f54?cid=49789426e6c04428a2befbd3c2d79b02
4jVBIpuOiMj1crqd8LoCrJ,FRANCHISE (feat. Young Thug & M.I.A.),Travis Scott,0.699,https://p.scdn.co/mp3-preview/3d7f1f2cd4ec44cabd409d30a6d2145c61bf122d?cid=49789426e6c04428a2befbd3c2d79b02
7p7BGeakamC7IzCUENw2fr,Swiss,NGHTMRE,0.745,https://p.scdn.co/mp3-preview/5d676fe1d0230c55462646b9674862e2cbe49ed4?cid=49789426e6c04428a2befbd3c2d79b02
7yNf9YjeO5JXUE3JEBgnYc,Babydoll,Dominic Fike,0.604,https://p.scdn.co/mp3-preview/bf5ab98492256120bd9c48658e9c899c8692f77f?cid=49789426e6c04428a2befbd3c2d79b02
41Fflg7qHiVOD6dEPvsCzO,Worth It (feat. Kid Ink),Fifth Harmony,0.765,https://p.scdn.co/mp3-preview/de93c7aed8dff779d1fdba63d1522f2c770980f5?cid=49789426e6c04428a2befbd3c2d79b02
5Y2pr8wjzjO2te4MnxTUa7,Calabria 2008,Enur,0.657,https://p.scdn.co/mp3-preview/536a26cd90818ef80cd0f2204bbd8e8608485e9b?cid=49789426e6c04428a2befbd3c2d79b02
6fEjYrBuHK64oNZeq2v76j,Can't Feel It,Toby Tranter,0.651,https://p.scdn.co/mp3-preview/28b9e153b460e60fdca656f9888b1125a36602ba?cid=49789426e6c04428a2befbd3c2d79b02
62itulOgU4flQFuI7f7JF8,Rambo (Last Blood) (feat. The Weeknd),Bryson Tiller,0.686,https://p.scdn.co/mp3-preview/214f62b3abb01a96ba5ce1a7594b5e8b39618bd1?cid=49789426e6c04428a2befbd3c2d79b02
6FE2iI43OZnszFLuLtvvmg,Classic,MKTO,0.791,https://p.scdn.co/mp3-preview/b70bf7449452275b0ecf5714bf069e06f1565b45?cid=49789426e6c04428a2befbd3c2d79b02
3ruoIF2UnoXdzK8mR61ebq,Rich Nigga Shit (feat. Young Thug),21 Savage,0.733,https://p.scdn.co/mp3-preview/a972368a3772747a599cfc62b86342ab0767429f?cid=49789426e6c04428a2befbd3c2d79b02
38wW72kOtVlz2wvQH7yRrR,Trika Trika (feat. Antonia),Faydee,0.607,https://p.scdn.co/mp3-preview/a7714a6ca8fc4fbf36deb2e93c43277e7de1f061?cid=49789426e6c04428a2befbd3c2d79b02
26Sw3iKfNsX2i0OnKqKXNi,Safety (feat. DJ Snake),GASHI,0.828,https://p.scdn.co/mp3-preview/b46386491ac08ac1bfcfd05d4133d2ef0ed78b40?cid=49789426e6c04428a2befbd3c2d79b02
