track_id,track_name,track_artist,speechiness,preview_url
6HJiKaPc4LYPczBFGSMBFs,I Got Summer On My Mind,Jay Dunham,0.0631,https://p.scdn.co/mp3-preview/69ee7f18663f3fad73c91ce9f49aed4c28907d29?cid=49789426e6c04428a2befbd3c2d79b02
5OKuigqDZttO0FSkKVF3tB,Fruit Punch,Jay Faded,0.0806,https://p.scdn.co/mp3-preview/805c3b2503faa71520233bd22e29fbff477e8bc5?cid=49789426e6c04428a2befbd3c2d79b02
2dy2C0StZ3yiEeb0Aoolcn,Bang Bang,Rita Ora,0.0636,https://p.scdn.co/mp3-preview/ec4790fb839ecd2630ddc2eb8efbb3b68aed23da?cid=49789426e6c04428a2befbd3c2d79b02
4i2qxFEVVUi8yOYoxB8TCX,Midnight Sky,Miley Cyrus,0.0345,https://p.scdn.co/mp3-preview/f96154dc52234269b2d5625084acf7d3e38c77f8?cid=49789426e6c04428a2befbd3c2d79b02
5BkNCuxzzid0gz9sx3NNbX,My Silver Lining,First Aid Kit,0.0335,https://p.scdn.co/mp3-preview/87666d53064eeef2d74e97b1f0e12095d5c10b35?cid=49789426e6c04428a2befbd3c2d79b02
0vAb3U3NJhiuib2B7sJdeJ,Money,The Drums,0.0641,https://p.scdn.co/mp3-preview/c5428296d5ce1b42027ab8523e14c5ed04f6a068?cid=49789426e6c04428a2befbd3c2d79b02
6gBFPUFcJLzWGx4lenP6h2,goosebumps,Travis Scott,0.0484,https://p.scdn.co/mp3-preview/5c45fee2743d39984ed2c1e2493d04a42d626f81?cid=49789426e6c04428a2befbd3c2d79b02
6tO5bxNnMuh1c3cziSpecA,Paris,$uicideboy$,0.0835,https://p.scdn.co/mp3-preview/22c716ae280fb6f5a76c29c1aeb67c6101b3641e?cid=49789426e6c04428a2befbd3c2d79b02
5EQCzaAbURz9BxfVdmERKd,"Stormy Love, NM.",ZHU,0.0517,https://p.scdn.co/mp3-preview/60228b4a3f32fe2d7a98cd1fdcc245760ba6bf7b?cid=49789426e6c04428a2befbd3c2d79b02
1FwPQVMtOoNMZ2lRyd7FXa,Under The Influence,Chris Brown,0.0427,https://p.scdn.co/mp3-preview/a7df3c73a53cf206999369da16b18679df491b35?cid=49789426e6c04428a2befbd3c2d79b02
5fwSHlTEWpluwOM0Sxnh5k,Pepas,Farruko,0.0343,https://p.scdn.co/mp3-preview/d34fb702d404e62f9816de0af525a7e2786a2c00?cid=49789426e6c04428a2befbd3c2d79b02
2GQEM9JuHu30sGFvRYeCxz,Faded,ZHU,0.049,https://p.scdn.co/mp3-preview/4ae3b0157a796d19faa713e3826317258a9b3a79?cid=49789426e6c04428a2befbd3c2d79b02
5Fx2UrcQobzM1h2ihdhsmm,New Rules - Alison Wonderland Remix,Dua Lipa,0.0431,https://p.scdn.co/mp3-preview/7c9fffc86e86d8be26fe5a3c9e84fa1322a30391?cid=49789426e6c04428a2befbd3c2d79b02
67p96tIoC4ESrod9kW331R,Hot Air Balloon,Don Diablo,0.0469,https://p.scdn.co/mp3-preview/229c53e34f3f61252ab707a446bd985e2503b970?cid=49789426e6c04428a2befbd3c2d79b02
4Jv7lweGIUOFQ7Oq2AtAh9,I Follow Rivers - The Magician Remix,Lykke Li,0.0428,https://p.scdn.co/mp3-preview/38d122aaf51a86f13b57ca00303896bcb95d5187?cid=49789426e6c04428a2befbd3c2d79b02
35RJhm1pEovTBwnNR0zWad,GREECE (feat. Drake),DJ Khaled,0.0432,https://p.scdn.co/mp3-preview/4d1575a7a3b75f92fe6fa561853e0cfae1e29510?cid=49789426e6c04428a2befbd3c2d79b02
1hkpoSSNKCCD1u1M5FPyDq,Left Alone feat. Chet Faker,Flume,0.0259,https://p.scdn.co/mp3-preview/01a6aa56d9cba71726044526e5369f0382689619?cid=49789426e6c04428a2befbd3c2d79b02
5PZI5xTcMq8FsCcEroth7S,Boneless,Steve Aoki,0.0628,https://p.scdn.co/mp3-preview/98998fe3897ceb16926260b456b3a3dd0b726476?cid=49789426e6c04428a2befbd3c2d79b02
1y4Kln6VEjQMpmHW7j9GeY,Cut Your Teeth - Kygo Remix,Kyla La Grange,0.0406,https://p.scdn.co/mp3-preview/ea5bb148959597253c38b56c8b339287d746b958?cid=49789426e6c04428a2befbd3c2d79b02
5Uygp1KAwyj41KSjwPt1Nz,Don't Wanna Let Go,Taiki Nulight,0.0377,https://p.scdn.co/mp3-preview/612f103d5d15c17d85801d83e830edf50043c0e1?cid=49789426e6c04428a2befbd3c2d79b02
4tWzXmibmahyKiPnDPKll1,Then I Go,Damma Beatz,0.0545,https://p.scdn.co/mp3-preview/0741604f7cb63e14bf042c682b33160f41ecc980?cid=49789426e6c04428a2befbd3c2d79b02
39yyHtQ4tkjZzd8TfIBKQw,"Morad: Bzrp Music Sessions, Vol. 47",Bizarrap,0.0429,https://p.scdn.co/mp3-preview/16d67f40d7b2d0bf40b4d94d83ebf3522ae5c24d?cid=49789426e6c04428a2befbd3c2d79b02
0fDf7Fo4Lb6DA1mmKibSNc,Enough to Believe,Bob Moses,0.0297,https://p.scdn.co/mp3-preview/4dae6bf522ae0dd790df4db0c7bd2167762cf1bd?cid=49789426e6c04428a2befbd3c2d79b02
6sMPT2noNLupVVqJF4YKtn,Hunnids,Ramirez,0.0659,https://p.scdn.co/mp3-preview/c2b0ec68b99e58cf5bb7855ae5874efca399aa09?cid=49789426e6c04428a2befbd3c2d79b02
0qP4QTGEmlslzEWIqF5oNs,Home,Mahalo,0.0373,https://p.scdn.co/mp3-preview/46a9ddf1c8c9ca85678766c0f6b15afc1e10834d?cid=49789426e6c04428a2befbd3c2d79b02
0ofHAoxe9vBkTCp2UQIavz,Dreams - 2004 Remaster,Fleetwood Mac,0.0276,https://p.scdn.co/mp3-preview/30d63954de3ee9c0bc3600a4560260cb252d4fbd?cid=49789426e6c04428a2befbd3c2d79b02
2ctvdKmETyOzPb2GiJJT53,Breathe (In the Air),Pink Floyd,0.0346,https://p.scdn.co/mp3-preview/85e2ac92a4028e1479f93aee34bdbc44596e9a44?cid=49789426e6c04428a2befbd3c2d79b02
1TKTiKp3zbNgrBH2IwSwIx,Us and Them,Pink Floyd,0.0303,https://p.scdn.co/mp3-preview/2f7fbb26efa0addb66a81b2cbf9442e818c79c75?cid=49789426e6c04428a2befbd3c2d79b02
0lLdorYw7lVrJydTINhWdI,It's Beginning to Look a Lot like Christmas,Michael Bublé,0.0375,https://p.scdn.co/mp3-preview/51f36d7e04069ef4869ea575fb21e5404710b1c4?cid=49789426e6c04428a2befbd3c2d79b02
2JmFRXaJrkAUD2cs6U20KG,Jet Fuel,Mac Miller,0.0698,https://p.scdn.co/mp3-preview/83161ecabcd43f0e26a93d275c9558f3b5eeed37?cid=49789426e6c04428a2befbd3c2d79b02
0smkE9zt2Bg7fFk0HlzR4C,Roll Back,George FitzGerald,0.0656,https://p.scdn.co/mp3-preview/2214bf6dee5f78a03be67c58aabbf1f93d0bf581?cid=49789426e6c04428a2befbd3c2d79b02
3FigWC4Kgj0YB1tc6WMwJL,Moonwalking in Calabasas,DDG,0.0762,https://p.scdn.co/mp3-preview/650bbe7cbdb273e64b73f8ebb3b3bcec9f95e259?cid=49789426e6c04428a2befbd3c2d79b02
5VlTQnZO89Ioku8ssdbqJk,Dead Man Walking,Brent Faiyaz,0.05,https://p.scdn.co/mp3-preview/ea77901675538cc8ddfe6b86b7b3b966922015fe?cid=49789426e6c04428a2befbd3c2d79b02
7zwn1eykZtZ5LODrf7c0tS,You Get Me So High,The Neighbourhood,0.0542,https://p.scdn.co/mp3-preview/3f5a7c8b8e434e72c0e8f0bf43341f161c54b14b?cid=49789426e6c04428a2befbd3c2d79b02
2AYEOC02WLhUiOoaig2SEH,Out of My League,Fitz and The Tantrums,0.0853,https://p.scdn.co/mp3-preview/d50d8b3ce46da19a8f6b63539be7a10faee9a569?cid=49789426e6c04428a2befbd3c2d79b02
3YJJjQPAbDT7mGpX3WtQ9A,Good Days,SZA,0.0583,https://p.scdn.co/mp3-preview/ddda59aa9a028820fc0fb6ff05ae463924843191?cid=49789426e6c04428a2befbd3c2d79b02
3OHfY25tqY28d16oZczHc8,Kill Bill,SZA,0.0351,https://p.scdn.co/mp3-preview/49dfe4ea78c5d3c5d2923d4a34c50fc4709855cb?cid=49789426e6c04428a2befbd3c2d79b02
1TweDM3JC49LNeelLVg3yX,Used (feat. Don Toliver),SZA,0.0871,https://p.scdn.co/mp3-preview/d09fca8423bfaaa8ca282f513a1c8710cec64531?cid=49789426e6c04428a2befbd3c2d79b02
2GAhgAjOhEmItWLfgisyOn,Low,SZA,0.0559,https://p.scdn.co/mp3-preview/5b6dd5a1d06d0bdfd57382a584cbf0227b4d9a4b?cid=49789426e6c04428a2befbd3c2d79b02
3TO7bbrUKrOSPGRTB5MeCz,Time,Pink Floyd,0.0841,https://p.scdn.co/mp3-preview/af750f68023549d4744e677c0a25ddb26c8182a8?cid=49789426e6c04428a2befbd3c2d79b02
6uU0Hu8oVk9gBihokcrDMH,One of These Days,Pink Floyd,0.0465,https://p.scdn.co/mp3-preview/5a7ebf0af421b574a127c18f3bdd6333a1586e55?cid=49789426e6c04428a2befbd3c2d79b02
7K6xMPtAjTuLPNlJMLf5bS,"Another Brick in the Wall, Pt. 1",Pink Floyd,0.0337,https://p.scdn.co/mp3-preview/1d638ff0ac27fbfcb3eed2d9c64a679cd2f36a10?cid=49789426e6c04428a2befbd3c2d79b02
4gMgiXfqyzZLMhsksGmbQV,"Another Brick in the Wall, Pt. 2",Pink Floyd,0.0428,https://p.scdn.co/mp3-preview/73d913b1a9cfa64fda1f7d04d7bb16345fa0aac4?cid=49789426e6c04428a2befbd3c2d79b02
5A7eooPKJHtr0UJmatjH4a,"Another Brick in the Wall, Pt. 3",Pink Floyd,0.0353,https://p.scdn.co/mp3-preview/b9ec791c8fb7d9e7ece38693db86d0546f57b2b5?cid=49789426e6c04428a2befbd3c2d79b02
2N5zMZX7YeL1tico8oQxa9,Crazy,Gnarls Barkley,0.0339,https://p.scdn.co/mp3-preview/3d23901a1b268fa45dd67e663376cec97ff8c9b2?cid=49789426e6c04428a2befbd3c2d79b02
2enPRFda84VE2wtI8c86Uf,Always Forever,Cults,0.0485,https://p.scdn.co/mp3-preview/3887c5ec8242ce866b24154f24baa8128f8743d2?cid=49789426e6c04428a2befbd3c2d79b02
5d2fEfIzQz67c3YQ2trVnE,2 time zones (feat. Night Lovell),bbno$,0.0981,https://p.scdn.co/mp3-preview/4322d27b105082ae823ad64efd26341308b6e1d3?cid=49789426e6c04428a2befbd3c2d79b02
4MSqgoFS7e8LpsxeeMMVMu,Paranoid,Black Sabbath,0.0769,https://p.scdn.co/mp3-preview/4d07a4b7dafa6d746f0717a3f575fa76144e8c92?cid=49789426e6c04428a2befbd3c2d79b02
1A0I5aiVZRwecRlbQcweBh,Gone Country,Alan Jackson,0.0248,https://p.scdn.co/mp3-preview/03a512f0ad00ef82a6cac508eedaed5664d1df4f?cid=49789426e6c04428a2befbd3c2d79b02
05oETzWbd4SI33qK2gbJfR,Rhiannon,Fleetwood Mac,0.0296,https://p.scdn.co/mp3-preview/476ef04b5327e34acb261d397fc5832022c35d5b?cid=49789426e6c04428a2befbd3c2d79b02
76nKkLXCAoJwnjUylYic4D,You Up?,Johan Lenox,0.0458,https://p.scdn.co/mp3-preview/277695a12853cf17471a4d5abd5f974cb60b58ee?cid=49789426e6c04428a2befbd3c2d79b02
43cCZRdT1nybOMWrjimFWB,Stay,Khalid,0.0504,https://p.scdn.co/mp3-preview/35877b4c4718c030225950b03a515515c4d5c8cf?cid=49789426e6c04428a2befbd3c2d79b02
30pVSKdzBpZ9Np4Y2bJbFM,Fuego,Alok,0.0369,https://p.scdn.co/mp3-preview/82e7449dd93791a4b7b8b51f23b6137bca024ffc?cid=49789426e6c04428a2befbd3c2d79b02
6NOjt6GYMuBGSuLuM2AXuB,Equilibrium,Leon Lour,0.0399,https://p.scdn.co/mp3-preview/ec0f3511b9f143d20db8bf233f76f9552459acba?cid=49789426e6c04428a2befbd3c2d79b02
3QBZhGyrmH16X853rimdE1,I Made You Do,Melih Aydogan,0.0418,https://p.scdn.co/mp3-preview/28886a9fa2215c7552487f9488a0da27a1e4fe58?cid=49789426e6c04428a2befbd3c2d79b02
5WL6VbqrAs7qYsMkCvShoN,Carrousel - Short Version,NTO,0.0437,https://p.scdn.co/mp3-preview/f168adef4555a53c8b7f22bc6a72b328b0c7ad3c?cid=49789426e6c04428a2befbd3c2d79b02
7IXjxb3vmqbqZr06kieNUh,Fireburn,De Hofnar,0.0481,https://p.scdn.co/mp3-preview/f57eebe6f127ff144df626f4131e3fab1f94e61e?cid=49789426e6c04428a2befbd3c2d79b02
6GomT970rCOkKAyyrwJeZi,Move Your Body,Öwnboss,0.0527,https://p.scdn.co/mp3-preview/86d6200edc5e8c68e89e22a126d1dbf7b73b7a90?cid=49789426e6c04428a2befbd3c2d79b02
2cegJfpyiaWXclqj5HRsZG,Just Feels Tight,FISHER,0.071,https://p.scdn.co/mp3-preview/e90574f30ad3713a63d211b52f881a6a826802e0?cid=49789426e6c04428a2befbd3c2d79b02
68UW3plyDDNg1dkNIZRezJ,Tinted Eyes (feat. blackbear & 24kGoldn),DVBBS,0.0343,https://p.scdn.co/mp3-preview/4a693921a2b8268e6809bacdbf0a269033fb5480?cid=49789426e6c04428a2befbd3c2d79b02
7yL4wdksHlDnmKvofxMTBE,A LOT TO LOSE,24kGoldn,0.0475,https://p.scdn.co/mp3-preview/3a0b22bf183b594e0de8812a426b9c62f7430565?cid=49789426e6c04428a2befbd3c2d79b02
4Nnsl0Ji84Bcku8uVbFbjV,Mania,Madeon,0.0404,https://p.scdn.co/mp3-preview/747410c7777ef031a2f1188497589b0b3b8e8241?cid=49789426e6c04428a2befbd3c2d79b02
3NWTRZ0A8xKlBP1qgNftql,Special Affair,The Internet,0.0859,https://p.scdn.co/mp3-preview/c54f3166f9f5ef694281621c38944fd894daedfe?cid=49789426e6c04428a2befbd3c2d79b02
5ibTi2YwtvbB1bTOv2I93d,John Redcorn,SiR,0.0865,https://p.scdn.co/mp3-preview/a0f5e5fe7fad004db67f41fc8bcf56aa2c2c5b9f?cid=49789426e6c04428a2befbd3c2d79b02
3B1Je3rlEac3p4ikYW13zw,Define,Dom Dolla,0.0355,https://p.scdn.co/mp3-preview/fb10eec01e73dc0dcff4b3d0af624b143265356a?cid=49789426e6c04428a2befbd3c2d79b02
7eRHGgeBiSpkkRDqpwrqiz,LONELY NIGHTS,Asha Imuno,0.031,https://p.scdn.co/mp3-preview/06a852dc72df5cedfe2e4e49d585b87fae553acd?cid=49789426e6c04428a2befbd3c2d79b02
1CIRbbtZFBm2T0cMqH8Cqe,Not Even In My Dreams,GUNNAR,0.0341,https://p.scdn.co/mp3-preview/315be0154c6938eb4a84e9d2eed6ac4b0c0b11f7?cid=49789426e6c04428a2befbd3c2d79b02
5jkFvD4UJrmdoezzT1FRoP,Rasputin,Boney M.,0.036,https://p.scdn.co/mp3-preview/f6d6eb8dabae0e8fa8aa7f93743bc2067daac97c?cid=49789426e6c04428a2befbd3c2d79b02
6utl2puTMct2t0ntNnZc68,"Honey, There's No Time",Feng Suave,0.0707,https://p.scdn.co/mp3-preview/aec2727ba5cc5dead7a1ff899e7cb212bad8fccf?cid=49789426e6c04428a2befbd3c2d79b02
4kKdvXD0ez7jp1296JmAts,Let It Snow! Let It Snow! Let It Snow! (with The B. Swanson Quartet),Frank Sinatra,0.0595,https://p.scdn.co/mp3-preview/40594c6620307172f3bb34b9ee5979d3c1c4b718?cid=49789426e6c04428a2befbd3c2d79b02
5hNsSrWcClSp0tg4Jdd4UY,I Got A Shot,Jack Harlow,0.0892,https://p.scdn.co/mp3-preview/6b8acb053fa5f9c0fad21db461be2c7913ce90cf?cid=49789426e6c04428a2befbd3c2d79b02
7Bot6AB2dsvZEyqzUL8AUH,I'd Do Anything To Make You Smile,Jack Harlow,0.05,https://p.scdn.co/mp3-preview/6714fd380cf53bc0fb44f9cac93190de30a44ce5?cid=49789426e6c04428a2befbd3c2d79b02
2ihL1KGMA0geIqGT5pkZzo,WARSAW (feat. 2forwOyNE),Jack Harlow,0.0883,https://p.scdn.co/mp3-preview/89e8509868fa86cf769383104ec60f2adb195ef1?cid=49789426e6c04428a2befbd3c2d79b02
5uQOauh47VFt3B2kV9kRXw,My Shit,A Boogie Wit da Hoodie,0.0515,https://p.scdn.co/mp3-preview/45655624341656d3375dbed1ea1b1546d59388f5?cid=49789426e6c04428a2befbd3c2d79b02
7Fege3yv4dvehB3NdRBGwI,Banking On Me,Gunna,0.0466,https://p.scdn.co/mp3-preview/c9e7e4d5325227a2379fa1d914a099fa96c66d8f?cid=49789426e6c04428a2befbd3c2d79b02
2eAZfqOm4EnOF9VvN50Tyc,The Way Life Goes (feat. Oh Wonder),Lil Uzi Vert,0.05,https://p.scdn.co/mp3-preview/80d5a005febd46fdf05e905fc18437bd7388075d?cid=49789426e6c04428a2befbd3c2d79b02
2t8yVaLvJ0RenpXUIAC52d,a lot,21 Savage,0.086,https://p.scdn.co/mp3-preview/8e4bedd4dd85c00a3cd298e59f209fd23818b7d6?cid=49789426e6c04428a2befbd3c2d79b02
2aPTvyE09vUCRwVvj0I8WK,Sundress,A$AP Rocky,0.0595,https://p.scdn.co/mp3-preview/4cc0018584f7e316a81616be3bf66c9d9a42ed0e?cid=49789426e6c04428a2befbd3c2d79b02
27a1mYSG5tYg7dmEjWBcmL,CAN'T SAY,Travis Scott,0.0547,https://p.scdn.co/mp3-preview/4b3564ac8a8363c105fbc651062e2a466076c69c?cid=49789426e6c04428a2befbd3c2d79b02
4S4Mfvv03M1cHgIOJcbUCL,In My Room,Frank Ocean,0.0675,https://p.scdn.co/mp3-preview/a23f4faaefc0b1105bd70e3e46189bcf930dcd42?cid=49789426e6c04428a2befbd3c2d79b02
3w1WjD2zJqjBjDz5fwqQPJ,Tyler Herro,Jack Harlow,0.0841,https://p.scdn.co/mp3-preview/57db620e8b7ffe5c2117a5e65331622a868a21fc?cid=49789426e6c04428a2befbd3c2d79b02
1f5cbQtDrykjarZVrShaDI,Drowning (feat. Kodak Black),A Boogie Wit da Hoodie,0.0568,https://p.scdn.co/mp3-preview/f770a1a0b3dfb5bc652f89848e45ab9d09f7dc69?cid=49789426e6c04428a2befbd3c2d79b02
0xUvi7wldroBzaZCengPa5,24 (feat. Lil Baby),Money Man,0.0736,https://p.scdn.co/mp3-preview/66aeb8b712f893c8bf1088a4a35a9e3a4805357e?cid=49789426e6c04428a2befbd3c2d79b02
7uLFOXgLrS90tEYPO1DGXy,Man in the Mirror,A Boogie Wit da Hoodie,0.0637,https://p.scdn.co/mp3-preview/678f28d825ff3570954b71300a8e50e038ee7ad6?cid=49789426e6c04428a2befbd3c2d79b02
1H5N26VqHR4JhuaRKY2I0u,Heaven Knows I'm Miserable Now - 2011 Remaster,The Smiths,0.0276,https://p.scdn.co/mp3-preview/84514f304f702184728abfa31331d79e36856f82?cid=49789426e6c04428a2befbd3c2d79b02
0WQiDwKJclirSYG9v5tayI,There Is a Light That Never Goes Out - 2011 Remaster,The Smiths,0.0269,https://p.scdn.co/mp3-preview/23f6c629d7072e1adbe90b0a155b1110b2f94714?cid=49789426e6c04428a2befbd3c2d79b02
2QEUyPjvg7UrGIuUSLuvzM,Flying High,Vana Liya,0.0399,https://p.scdn.co/mp3-preview/7e90a592d3f76577994b9d59486f612c02edc04e?cid=49789426e6c04428a2befbd3c2d79b02
2SbAcN6cMTrtGeTFA5rqDe,Show Luv,Arno Cost,0.0511,https://p.scdn.co/mp3-preview/5677a10ff63faff12b6312405c92ddc112bb7fcd?cid=49789426e6c04428a2befbd3c2d79b02
6EtKlIQmGPB9SX8UjDJG5s,Formula,Labrinth,0.0409,https://p.scdn.co/mp3-preview/750da82d08dd4f1840d4d37032473167cdd3033b?cid=49789426e6c04428a2befbd3c2d79b02
4blMTTElmTAmfEsyExPgTi,My Life,3rd Degree,0.0295,https://p.scdn.co/mp3-preview/0e73f71d3d2e4be7c8351be957c4d4cc14cd53f2?cid=49789426e6c04428a2befbd3c2d79b02
3lxUQ9Q9p2SiJU4FXSLUsr,Rush,SOMMA,0.0355,https://p.scdn.co/mp3-preview/7ed856978433ca0ea2d0589bc606b07aa5643d93?cid=49789426e6c04428a2befbd3c2d79b02
3I10tZ5MgEMo4WryCNJkZQ,Won't Forget You (Edit),Shouse,0.024,https://p.scdn.co/mp3-preview/95d0a52d0942d7ea4bd5b906e9e2696cfa256faf?cid=49789426e6c04428a2befbd3c2d79b02
4lH6nENd1y81jp7Yt9lTBX,Solo,Future,0.0475,https://p.scdn.co/mp3-preview/4d691a3f52d5d7c6f03a14c0a93cb723727204f4?cid=49789426e6c04428a2befbd3c2d79b02
4uUG5RXrOk84mYEfFvj3cK,I'm Good (Blue),David Guetta,0.0343,https://p.scdn.co/mp3-preview/c1de960c1a98f7ab652331e5223c50baba75c460?cid=49789426e6c04428a2befbd3c2d79b02
4e4fqjx0Izh4svvTef1z7e,Meant to Be (feat. Florida Georgia Line),Bebe Rexha,0.0848,https://p.scdn.co/mp3-preview/0b972d24c49e50be428edfacbafae85cb80249e9?cid=49789426e6c04428a2befbd3c2d79b02
1unFtbwcAnSGgYPmp52vc0,Wit It,Gunna,0.0745,https://p.scdn.co/mp3-preview/2a4d555ced14be504402269f65c68609b3ada757?cid=49789426e6c04428a2befbd3c2d79b02
4K5lspeAPU59snWR73qIHR,Red Light,Elijah the Boy,0.0645,https://p.scdn.co/mp3-preview/f1ef8bad88ce8c4687e25259ec7e5ebfca8bd339?cid=49789426e6c04428a2befbd3c2d79b02
51HoKwuVUVcv0DHPT0x2Qi,Same Place,JOY.,0.0366,https://p.scdn.co/mp3-preview/710c77ccc602215d1c3777fc55cb677ef91728eb?cid=49789426e6c04428a2befbd3c2d79b02
7otCGmgp9h4CsR2LhwB6gt,Another Love,Tom Odell,0.04,https://p.scdn.co/mp3-preview/4239b22a025595642b670000517a4783837282bd?cid=49789426e6c04428a2befbd3c2d79b02
7gzOfclimlOrkmeMtpt2GN,Six Shooter,SNBRN,0.0516,https://p.scdn.co/mp3-preview/0c3d3eeee63b7fc493cfe4d60802d71dfd591914?cid=49789426e6c04428a2befbd3c2d79b02
4qetR2UUyBeUrJ9DbYrpVQ,Stop It,FISHER,0.0518,https://p.scdn.co/mp3-preview/aed1683cbfb6101617a0a73d66318acc735111cb?cid=49789426e6c04428a2befbd3c2d79b02
2cSdAkzAf2T4j4aLvx4LLz,Baby Girl,Disco Lines,0.0606,https://p.scdn.co/mp3-preview/4a22b4616e39db215d486cad76339861da696658?cid=49789426e6c04428a2befbd3c2d79b02
56b6hfYKczrdjPRX2iRAhi,Your Heart,Lynnic,0.0375,https://p.scdn.co/mp3-preview/884ec7283e68399237234e82c65fed0648ac2fc4?cid=49789426e6c04428a2befbd3c2d79b02
32ny2YtiR7zKi7PBjiQ5Iy,Real Talk,Roddy Ricch,0.0681,https://p.scdn.co/mp3-preview/e852eb06bd40a53aa0aab97918e12a43cbda915b?cid=49789426e6c04428a2befbd3c2d79b02
3d2yowRTcZpQgtkNFmFNiQ,Sphinx,Nora En Pure,0.036,https://p.scdn.co/mp3-preview/1df6befbe01ca9bc89f3a1639a945c2a7f2c59b8?cid=49789426e6c04428a2befbd3c2d79b02
33JbExJANbupRRmOg7LhS2,A Rope & a Knife,Drics,0.0807,https://p.scdn.co/mp3-preview/8415a47c1167712b702d0360b8621409f1e7e872?cid=49789426e6c04428a2befbd3c2d79b02
0eiLudweyosA5c7EUJ6y0c,Breathe Me In,Harrison,0.048,https://p.scdn.co/mp3-preview/6a7f9888fb54d705749bb221dfc2bbda9b83d60a?cid=49789426e6c04428a2befbd3c2d79b02
4PnNzWe1LJoAMD5j5RHpI0,DEVASTATED,Joey Bada$$,0.0682,https://p.scdn.co/mp3-preview/0c75bb58672a069c467e9df6236dce0f498bb6af?cid=49789426e6c04428a2befbd3c2d79b02
36dH28TepFKh4RelMfRj05,The Break Up Song,The Greg Kihn Band,0.0294,https://p.scdn.co/mp3-preview/c9f7fd4f19f0c3002d4ef96cbf0e054cb8a2e6cc?cid=49789426e6c04428a2befbd3c2d79b02
0fEHUeKKmqWd3GGiG7hz0X,Doctor Foo - Smooth Version,Parov Stelar Trio,0.065,https://p.scdn.co/mp3-preview/7fffe07e3bfca2b22ba17e1fedb52711f7291482?cid=49789426e6c04428a2befbd3c2d79b02
6eXKCcEqAU4eJLfDgh8sfG,Get Down Saturday Night,Gorgon Breath,0.0387,https://p.scdn.co/mp3-preview/e687181b49caa4019e149a508ee73b7e5a8ecd91?cid=49789426e6c04428a2befbd3c2d79b02
5oO8yNsKx8uoXT6u8HvCzY,Eleven,La Rochelle Band,0.0419,https://p.scdn.co/mp3-preview/3bf0f52e8def816a7fd917aad01ce8e0a4146566?cid=49789426e6c04428a2befbd3c2d79b02
5u2chFalnZgdgN8K3YKxI0,Yeah Yeah Yeah,Kognitif,0.0432,https://p.scdn.co/mp3-preview/08dae2d53b22880de206da1a487def0a4509f68e?cid=49789426e6c04428a2befbd3c2d79b02
3VvBPkc24zC7x05mgJTyGO,Monody (feat. Laura Brehm),TheFatRat,0.0351,https://p.scdn.co/mp3-preview/25b902df4aa6f5a95ef5f4a31795b9c13c434816?cid=49789426e6c04428a2befbd3c2d79b02
3sMleqdCDalZ6xsAQe8xuY,Booty Swing,Parov Stelar,0.047,https://p.scdn.co/mp3-preview/f4c1cbc93c3d85bc1da56d244d839195998301e2?cid=49789426e6c04428a2befbd3c2d79b02
36kaImsnzRzsU6L4cvWP6s,Delight,Jamie Berry,0.0559,https://p.scdn.co/mp3-preview/390899dd62a28e1cc87e17d8e36074c0434786dc?cid=49789426e6c04428a2befbd3c2d79b02
5ChkMS8OtdzJeqyybCc9R5,Billie Jean,Michael Jackson,0.0401,https://p.scdn.co/mp3-preview/0f6b8a3524ec410020457da4cdd7717f9addce2f?cid=49789426e6c04428a2befbd3c2d79b02
2C0hJUVjp7FSchyhYiceJq,Home Sweet Home,Mötley Crüe,0.0334,https://p.scdn.co/mp3-preview/05a15f22954f2fe288c4ebec4279a60df2f23959?cid=49789426e6c04428a2befbd3c2d79b02
0ZUo4YjG4saFnEJhdWp9Bt,Before He Cheats,Carrie Underwood,0.0405,https://p.scdn.co/mp3-preview/8dcbc4c73d9300b77c0df17c47cee1c54c07ab77?cid=49789426e6c04428a2befbd3c2d79b02
2V4bv1fNWfTcyRJKmej6Sj,Cooler Than Me - Single Mix,Mike Posner,0.0474,https://p.scdn.co/mp3-preview/649f480a624454b97a73e354568fcfb9214fdd46?cid=49789426e6c04428a2befbd3c2d79b02
6jg5SRvdGxvJ0DzNV0UqEK,Please Don't Go,Mike Posner,0.0311,https://p.scdn.co/mp3-preview/d33396175c666bd21031d96270b4cd015b6f5713?cid=49789426e6c04428a2befbd3c2d79b02
7k6IzwMGpxnRghE7YosnXT,Me & U,Cassie,0.0294,https://p.scdn.co/mp3-preview/4eca073e5603bd17307df236d5aebc7641c1caa2?cid=49789426e6c04428a2befbd3c2d79b02
2PpruBYCo4H7WOBJ7Q2EwM,Hey Ya!,Outkast,0.0664,https://p.scdn.co/mp3-preview/d24b3c4135ced9157b0ea3015a6bcc048e0c2e3a?cid=49789426e6c04428a2befbd3c2d79b02
03tqyYWC9Um2ZqU0ZN849H,No Hands (feat. Roscoe Dash & Wale),Waka Flocka Flame,0.0391,https://p.scdn.co/mp3-preview/862ad595b0c10e822e3cb283e459060919c8ca52?cid=49789426e6c04428a2befbd3c2d79b02
15Wb8YSplqsUHx5OL18Z7l,Hungry (feat. Rick Ross),Fergie,0.0687,https://p.scdn.co/mp3-preview/7bb797841ec50dbaab19957688079b93acd71ff2?cid=49789426e6c04428a2befbd3c2d79b02
1KGi9sZVMeszgZOWivFpxs,No Scrubs,TLC,0.0953,https://p.scdn.co/mp3-preview/87c4c3435b531616e2d642009a18eb711f87be4e?cid=49789426e6c04428a2befbd3c2d79b02
5j0McHPthKpOXRr3fBq8M0,Love in This Club (feat. Young Jeezy),Usher,0.0732,https://p.scdn.co/mp3-preview/19e8a133605d5a9309a5bf8455385a5da4e48715?cid=49789426e6c04428a2befbd3c2d79b02
6AdLyvisRKHLAwARaZMGr6,Take You There,Sean Kingston,0.0696,https://p.scdn.co/mp3-preview/ea724e14a86e599f01f2ed66a60d3a482319c9d7?cid=49789426e6c04428a2befbd3c2d79b02
2mKouqwAIdQnMP43zxR89r,What's Luv? (feat. Ja-Rule & Ashanti),Fat Joe,0.0598,https://p.scdn.co/mp3-preview/2fd506314ddfbd97f9ef780215c658c3dd680c8b?cid=49789426e6c04428a2befbd3c2d79b02
0DLOyyQvwPTSDKuhpzMMwA,I'm Sprung,T-Pain,0.0999,https://p.scdn.co/mp3-preview/e60173cce7e102098b28cc4bd02272c12cfc998e?cid=49789426e6c04428a2befbd3c2d79b02
2Ukr1iULFHGSJp0qPhiqc0,No Me Dejes Solo,Daddy Yankee,0.0614,https://p.scdn.co/mp3-preview/5882a0850af5aa11430b9f49e812dcca459c2e12?cid=49789426e6c04428a2befbd3c2d79b02
1Hu8EMKCGD25srDybGOtBC,Soy una Gargola,Alex Gargolas,0.0854,https://p.scdn.co/mp3-preview/b69761c33726672a5973b44b722bfcfcb796c7c3?cid=49789426e6c04428a2befbd3c2d79b02
46P3sjn38awa9mlokdDlBU,Suave,El Alfa,0.0501,https://p.scdn.co/mp3-preview/8d32c50d00f6e1f46a6b760c175b8cabe89e92aa?cid=49789426e6c04428a2befbd3c2d79b02
26QKsGW4hMuwiEE1ftUMHe,"Lo Que Pasó, Pasó",Daddy Yankee,0.0412,https://p.scdn.co/mp3-preview/a7b8a5c6c5564d857437803711ec70b4c81f59aa?cid=49789426e6c04428a2befbd3c2d79b02
0OyHCmkCp2qZJ44ZKB26fX,Si Te Vas / Que Tengo Que Hacer - Original Remix,Omega,0.0564,https://p.scdn.co/mp3-preview/7763a47189c0ccd6a21975e6b4a605cf808591d7?cid=49789426e6c04428a2befbd3c2d79b02
6YYmoV9YbBefsspGmqFHbs,Una Vaina Loca,Fuego,0.0546,https://p.scdn.co/mp3-preview/b32fa6028bfabcbeefe7425da1a4cc0a69f8151f?cid=49789426e6c04428a2befbd3c2d79b02
72tAU6b10AgYfEFKrykp8J,No Te Veo - Remix,Casa De Leones,0.0782,https://p.scdn.co/mp3-preview/b3de5f908031964cd477d9f6a793c9afd9854734?cid=49789426e6c04428a2befbd3c2d79b02
5Eax0qFko2dh7Rl2lYs3bx,Efecto,Bad Bunny,0.0516,https://p.scdn.co/mp3-preview/a622a47c8df98ef72676608511c0b2e1d5d51268?cid=49789426e6c04428a2befbd3c2d79b02
2FNqnsX74ZlwduUAcnmzee,Tu Príncipe,Daddy Yankee,0.0623,https://p.scdn.co/mp3-preview/3d450c0e24bbb01506051724040f7d69fbe8b990?cid=49789426e6c04428a2befbd3c2d79b02
17r4VyWLomx5kbyzS0Jk3c,Elevated - Joe Mason Remix,RKCB,0.0826,https://p.scdn.co/mp3-preview/b1b4690c24aa8149e343ef889016a34d84ff77a6?cid=49789426e6c04428a2befbd3c2d79b02
2UWdUez9MB9yzL7Y81Mcip,The Suburbs,Arcade Fire,0.0265,https://p.scdn.co/mp3-preview/4f6d9f6ccd4afe5a40f9f3c9b8e7525097946ff3?cid=49789426e6c04428a2befbd3c2d79b02
2LKOHdMsL0K9KwcPRlJK2v,After Dark,Mr.Kitty,0.0328,https://p.scdn.co/mp3-preview/eb9de15a4465f504ee0eadba93e7d265ee0ee6ba?cid=49789426e6c04428a2befbd3c2d79b02
13Tbv4nflNxg9kYBIbJnd9,Dile a El,Rauw Alejandro,0.0767,https://p.scdn.co/mp3-preview/8ace3cc1b090d90a38b881664f59223724046c76?cid=49789426e6c04428a2befbd3c2d79b02
22n1KFKvh8OC07JwOEHvxI,Happy Belated,88GLAM,0.0324,https://p.scdn.co/mp3-preview/4b377a2206cf2fb31f7ea0f42d1fe73d257bb484?cid=49789426e6c04428a2befbd3c2d79b02
2QjOHCTQ1Jl3zawyYOpxh6,Sweater Weather,The Neighbourhood,0.0336,https://p.scdn.co/mp3-preview/877602f424a9dea277b13301ffc516f9fd1fbe7e?cid=49789426e6c04428a2befbd3c2d79b02
3azJifCSqg9fRij2yKIbWz,The Color Violet,Tory Lanez,0.0479,https://p.scdn.co/mp3-preview/1d7c627bf549328110519c4bd21ac39d7ca50ea1?cid=49789426e6c04428a2befbd3c2d79b02
5cD0SQXZshc0DLmfVFaT8v,Flex,Piff Marti,0.0407,https://p.scdn.co/mp3-preview/83dfe861be1ec7104873a1a5df3b2ffcebdd9a36?cid=49789426e6c04428a2befbd3c2d79b02
79NNAu4BprZ1E1ei89Qjdy,Dudley Boyz (feat. Action Bronson),Westside Gunn,0.0596,https://p.scdn.co/mp3-preview/782433b38766e6cb241230b698e312efa8685d43?cid=49789426e6c04428a2befbd3c2d79b02
6g6FfeozIEkVUXecpSq16Q,Elon Musk (feat. Gunna),DDG,0.0626,https://p.scdn.co/mp3-preview/27f3d382b68c0f052b5f057d51c67e58809927a5?cid=49789426e6c04428a2befbd3c2d79b02
7fYRg3CEbk6rNCuzNzMT06,Potion (with Dua Lipa & Young Thug),Calvin Harris,0.0473,https://p.scdn.co/mp3-preview/67b39792f278ef6a0b4359695a3bf8a148d8ff65?cid=49789426e6c04428a2befbd3c2d79b02
1r33iukEx0COYuBzyXPmPP,Hun43rd,A$AP Rocky,0.0762,https://p.scdn.co/mp3-preview/82ef2e28711bfb96c9758d1e15e5e45f09d69bb4?cid=49789426e6c04428a2befbd3c2d79b02
6ieWL5CLN9WdC875guWtMe,Lady Of Namek,Tory Lanez,0.0476,https://p.scdn.co/mp3-preview/13ec6bf54c1cb41de7cc78a2a9d8fc7d3402ebec?cid=49789426e6c04428a2befbd3c2d79b02
34617Qo6OTu44BEEg2f9uG,Sheikh Talk,Tyga,0.0716,https://p.scdn.co/mp3-preview/50bcf54c5d1271ebfe61e5f4f07c9ecb33cbf07c?cid=49789426e6c04428a2befbd3c2d79b02
3a8GG8o0rgWbgjXBRK0mbh,Know Me,Casper TNG,0.0494,https://p.scdn.co/mp3-preview/9d13a53e098cf142ede60f463b664769c0a5d485?cid=49789426e6c04428a2befbd3c2d79b02
4bI10uRf1CdqkhiDrloHa6,Ways,Cash Cobain,0.0779,https://p.scdn.co/mp3-preview/4c96125dcd99f782ee228ce6abc2c9cfdc1e6f21?cid=49789426e6c04428a2befbd3c2d79b02
4xBjsLUSjcx2h7PcRikpQp,OMG (feat. Quavo),Camila Cabello,0.0536,https://p.scdn.co/mp3-preview/f197464a3ec04a490ef25feacf7d61205ccb9c84?cid=49789426e6c04428a2befbd3c2d79b02
6P8L0E1m5Ai6SS13N6ulGh,Blurry Eyes (feat. RUNN),Hotel Garuda,0.0932,https://p.scdn.co/mp3-preview/76b7b4ed03664cbc67936747fd2fed88c25af7da?cid=49789426e6c04428a2befbd3c2d79b02
7AzlLxHn24DxjgQX73F9fU,No Idea,Don Toliver,0.0893,https://p.scdn.co/mp3-preview/3f83928fb66c8e92a3d5da85d914de54cf20658e?cid=49789426e6c04428a2befbd3c2d79b02
6QeKdjO0YGwHr8m0rwDMSh,My Way,Pascal Junior,0.0323,https://p.scdn.co/mp3-preview/e0431aceb5425779eff275e7a89ac831ec46fb39?cid=49789426e6c04428a2befbd3c2d79b02
4o0LyB69tylqDG6eTGhmig,Fire for You,Cannons,0.0962,https://p.scdn.co/mp3-preview/af1e71f0072939dd10615dac3f6beebfe06cef52?cid=49789426e6c04428a2befbd3c2d79b02
1yBRKwSEFSmLXLkgCL6uSF,Done,Pascal Junior,0.0631,https://p.scdn.co/mp3-preview/2648d652470698e7fbf8f4c1212e56d7fbdc497c?cid=49789426e6c04428a2befbd3c2d79b02
2INP0vUZOtsi9hfw1UzVO2,Stay,Pascal Junior,0.0914,https://p.scdn.co/mp3-preview/c96f494dacaaf61828c2e042c12d8c1a1c882be0?cid=49789426e6c04428a2befbd3c2d79b02
5MYFw4T2gy52pOGBN4EYHS,Stay Fly,Three 6 Mafia,0.0331,https://p.scdn.co/mp3-preview/fc9258cc85e2ac11e1d57e5cd8adc0284958ea3f?cid=49789426e6c04428a2befbd3c2d79b02
5vmRQ3zELMLUQPo2FLQ76x,Smalltown Boy,Bronski Beat,0.0276,https://p.scdn.co/mp3-preview/38dc3cec253fb45d57c7f1972aa196eb00d83ee3?cid=49789426e6c04428a2befbd3c2d79b02
7HXBG0W8gFJwHUh5mVF9tf,Rise,Lost Frequencies,0.0387,https://p.scdn.co/mp3-preview/1a6e94707f59571d52c5f9d23f064d3c4a7f77a7?cid=49789426e6c04428a2befbd3c2d79b02
5a1Cm3iYkS0nWn9fTijOq4,Are You Lonely,Steve Aoki,0.0367,https://p.scdn.co/mp3-preview/9b4c156e22136013fcdb8f513a864e00ffe9b598?cid=49789426e6c04428a2befbd3c2d79b02
6Owc2SuzwO3LW1SAODYK3l,Melody,Sigala,0.058,https://p.scdn.co/mp3-preview/2b5a2af083d6eedb8fe5c3f6751d252dba53ed65?cid=49789426e6c04428a2befbd3c2d79b02
6UqRGwjwYL0stXbaodTxwo,Seve - Radio Edit,Tez Cadey,0.0456,https://p.scdn.co/mp3-preview/c7adbdc0fb4ffbcb8b8e2bf6f5037b58fe6fa36b?cid=49789426e6c04428a2befbd3c2d79b02
59zbXPD0j7JxsVVm480g3b,Shivers (Dillon Francis Remix) [Main Mix],Ed Sheeran,0.0289,https://p.scdn.co/mp3-preview/221f0fb587f29ba14cdd3aaaf9d7d418fac163ea?cid=49789426e6c04428a2befbd3c2d79b02
50nfwKoDiSYg8zOCREWAm5,Shivers,Ed Sheeran,0.0856,https://p.scdn.co/mp3-preview/08cec59d36ac30ae9ce1e2944f206251859844af?cid=49789426e6c04428a2befbd3c2d79b02
2WfaOiMkCvy7F5fcp2zZ8L,Take on Me,a-ha,0.054,https://p.scdn.co/mp3-preview/ed66a8c444c35b2f5029c04ae8e18f69d952c2bb?cid=49789426e6c04428a2befbd3c2d79b02
1TfqLAPs4K3s2rJMoCokcS,Sweet Dreams (Are Made of This) - Remastered,Eurythmics,0.0317,https://p.scdn.co/mp3-preview/d69101dbd66295473706112d3edf978b70fc4550?cid=49789426e6c04428a2befbd3c2d79b02
1I8tHoNBFTuoJAlh4hfVVE,Firestone,Kygo,0.0428,https://p.scdn.co/mp3-preview/fdc52b388511ac852714c41e37ade2cb51178716?cid=49789426e6c04428a2befbd3c2d79b02
7iWTGGLrsr57Ou23uMsWBN,We On,Ace Hood,0.0308,https://p.scdn.co/mp3-preview/9d0cc1955937d94ffd999c358939a96747c06e0c?cid=49789426e6c04428a2befbd3c2d79b02
5pjWzUc1tVcewUTdDJd6Ce,San Francisco Street,Sun Rai,0.0419,https://p.scdn.co/mp3-preview/71c4f73810ca762687dfcdd5c952aafb50c9acff?cid=49789426e6c04428a2befbd3c2d79b02
2Zy7XVdxyZQB8xp5xbpJdl,way back,Travis Scott,0.0488,https://p.scdn.co/mp3-preview/7e5ffb59a34355a07ee57a8e2efa74f3bffc07d7?cid=49789426e6c04428a2befbd3c2d79b02
3M0lSi5WW79CXQamgSBIjx,Swim,Chase Atlantic,0.0392,https://p.scdn.co/mp3-preview/e201f50b9d4426569bcc1a46acee0c4d5fa2e91c?cid=49789426e6c04428a2befbd3c2d79b02
2nQo0bcLujzlHyAMmrd1wZ,Your Eyes,Drics,0.0681,https://p.scdn.co/mp3-preview/6db11e9a71d50bde38349c52460a4b568145338d?cid=49789426e6c04428a2befbd3c2d79b02
33b2wX9d0kxqxhi7lcsC1A,Unica,Ozuna,0.0449,https://p.scdn.co/mp3-preview/d23041c8a3babfc3f07f0af9a28481812bb84df9?cid=49789426e6c04428a2befbd3c2d79b02
7b8aKAUn1BB2k1clevj4aB,Yeah - bonus,Mac Miller,0.072,https://p.scdn.co/mp3-preview/3ad94c7f5d8ba811e070dddaf67621cc9b863ffe?cid=49789426e6c04428a2befbd3c2d79b02
4t6PoAHfGZ1cV90DiObtWx,Automatic,Jack Harlow,0.0679,https://p.scdn.co/mp3-preview/6915822104b9535d702fafab7d9b83e073a64516?cid=49789426e6c04428a2befbd3c2d79b02
1NCuYqMc8hKMb4cpNTcJbD,Another Day in Paradise - 2016 Remaster,Phil Collins,0.0306,https://p.scdn.co/mp3-preview/6e86a5698f1165e5ffa7a537e4f19018e0e10eb4?cid=49789426e6c04428a2befbd3c2d79b02
0A2lJqfi04TKDTJYoKBxa9,"Memories Back Then (feat. B.o.B, Kendrick Lamar & Kris Stephens)",T.I.,0.0524,https://p.scdn.co/mp3-preview/6750325eab56f0fc1a10b00be42c6edb98acaee4?cid=49789426e6c04428a2befbd3c2d79b02
55uvoAKSRcZZmoKU853yd1,Stay Closer,ZHU,0.0366,https://p.scdn.co/mp3-preview/06f0af006dcfc06cb431ee099552dc7c970f9422?cid=49789426e6c04428a2befbd3c2d79b02
5QrmygpdyE3IbrZzJsZ4uj,WON'T STOP,Don Toliver,0.042,https://p.scdn.co/mp3-preview/8ad952ad5af58a6cc2246ad73da93f7ffa9f3374?cid=49789426e6c04428a2befbd3c2d79b02
0HZhYMZOcUzZKSFwPOti6m,Jar of Hearts,Christina Perri,0.0316,https://p.scdn.co/mp3-preview/c9c3a5b998035b9c85726857683c7cd1a37167d0?cid=49789426e6c04428a2befbd3c2d79b02
0MoQI1EZGSHLhd5UBdxPol,Substance,03 Greedo,0.0787,https://p.scdn.co/mp3-preview/28664ffd68f8fb01e8510cee41f3f7c7effa1c30?cid=49789426e6c04428a2befbd3c2d79b02
4GmTV52ZFIb2T2qkAjt9iy,Wildflower,MDMA,0.0395,https://p.scdn.co/mp3-preview/3b85a30f41a8abce3c756d1214a3b1d71a10ac71?cid=49789426e6c04428a2befbd3c2d79b02
4MXhiYIRDMGAuvZc5IFTwC,ASTROTHUNDER,Travis Scott,0.0661,https://p.scdn.co/mp3-preview/7400069aa1157e71455bf45fcbf29d897287b2a2?cid=49789426e6c04428a2befbd3c2d79b02
3LnOF5n1GOs01siYZXzS3p,Drowning (feat. Kodak Black),A Boogie Wit da Hoodie,0.0568,https://p.scdn.co/mp3-preview/f770a1a0b3dfb5bc652f89848e45ab9d09f7dc69?cid=49789426e6c04428a2befbd3c2d79b02
5WoaF1B5XIEnWfmb5NZikf,Sky Walker (feat. Travis Scott),Miguel,0.0434,https://p.scdn.co/mp3-preview/c95b541168b5a8cb39c2d648060cee74cd68db7c?cid=49789426e6c04428a2befbd3c2d79b02
6BJbOXDlgVAXSaq6wYFYT2,NC-17,Travis Scott,0.0519,https://p.scdn.co/mp3-preview/61775f698136ec38081614a03acba609b1e45285?cid=49789426e6c04428a2befbd3c2d79b02
1nTvSHpuWOKjSAOaqULVnB,The Riddle - Radio Edit Mix,Prezioso,0.0476,https://p.scdn.co/mp3-preview/c21195855d6c84d5b2714287668a01209d99c462?cid=49789426e6c04428a2befbd3c2d79b02
0Cqzr5QGrgY2iygBLr8uAp,Stereo Love - Extended Version,Edward Maya,0.0396,https://p.scdn.co/mp3-preview/27052fe20b29de302472bee0228ae05e89aed2d6?cid=49789426e6c04428a2befbd3c2d79b02
50rEnYI8rLYgkzkpvqn240,Higher Calling,l'Outlander,0.0329,https://p.scdn.co/mp3-preview/4749578f0c892b91fe92184351c48b6e0fdfd389?cid=49789426e6c04428a2befbd3c2d79b02
4KykoaJQ5UxjCpp3lYkvTE,Liquor Store Blues (feat. Damian Marley),Bruno Mars,0.0749,https://p.scdn.co/mp3-preview/34d5bdf562bea2fbd76261d4742fdff91b9b8dd9?cid=49789426e6c04428a2befbd3c2d79b02
5Z3GHaZ6ec9bsiI5BenrbY,Young Dumb & Broke,Khalid,0.0421,https://p.scdn.co/mp3-preview/05e9e3f61b30cf532a171bf40db63c086f9b6d5b?cid=49789426e6c04428a2befbd3c2d79b02
4uhvMW7ly7tJil31YYscAN,Erase Your Social,Lil Uzi Vert,0.0729,https://p.scdn.co/mp3-preview/73d3e1cf8cfba5154f802ec1c4b8709b59c36b4f?cid=49789426e6c04428a2befbd3c2d79b02
47EiUVwUp4C9fGccaPuUCS,DÁKITI,Bad Bunny,0.0544,https://p.scdn.co/mp3-preview/78f5e89d6384301b40fd9e5a659152a33dac6646?cid=49789426e6c04428a2befbd3c2d79b02
7gHs73wELdeycvS48JfIos,Faded,Alan Walker,0.0306,https://p.scdn.co/mp3-preview/633dfd35d836f9b62bab2344510e68270e5e3873?cid=49789426e6c04428a2befbd3c2d79b02
6Hgh47WXVKtXN5zGOu0hjI,OTW,Khalid,0.0541,https://p.scdn.co/mp3-preview/1d1ee7f7728856cbf44b2957b85fdfd69a83904b?cid=49789426e6c04428a2befbd3c2d79b02
7EiZI6JVHllARrX9PUvAdX,Low Life (feat. The Weeknd),Future,0.0726,https://p.scdn.co/mp3-preview/768b128e81b92fac4e7a3f5fa7aba411935a7129?cid=49789426e6c04428a2befbd3c2d79b02
7MmG8p0F9N3C4AXdK6o6Eb,Outside (feat. Ellie Goulding),Calvin Harris,0.0394,https://p.scdn.co/mp3-preview/258a571c0ae04c58dad7ff59c49b0bd39cb1986b?cid=49789426e6c04428a2befbd3c2d79b02
7vGuf3Y35N4wmASOKLUVVU,Silence,Marshmello,0.0853,https://p.scdn.co/mp3-preview/26ea0841d3e1dd4eec371df3c79fbcc4a6aed42d?cid=49789426e6c04428a2befbd3c2d79b02
47mWy7j3pjnGIAg9gL4ejg,Bunda (feat. Dances With White Girls),Wax Motif,0.0675,https://p.scdn.co/mp3-preview/be4eb3413b7bee63192d8583d0ecf6b11f971dc4?cid=49789426e6c04428a2befbd3c2d79b02
0B3H6se7MYo3D7BmzfvdVN,The Parade,Joel Corry,0.0445,https://p.scdn.co/mp3-preview/9ac1263b0ce469720b2aa59f667d2bc808089441?cid=49789426e6c04428a2befbd3c2d79b02
19BoXyNUZB8M9PgAyMHVRg,Tell Me,James Carter,0.039,https://p.scdn.co/mp3-preview/4514b69344c39dbe3c52961e668e0352583bdb6d?cid=49789426e6c04428a2befbd3c2d79b02
3lAoqK9lSnZ7JePkZ24TMp,Tainted Love,Harrison,0.0519,https://p.scdn.co/mp3-preview/738901c721c09a01d5d5e20f5c43e1034a36ff5c?cid=49789426e6c04428a2befbd3c2d79b02
7JdiXX87BugXUDhQ89GEc8,Deep End - SIDEPIECE Remix,John Summit,0.0807,https://p.scdn.co/mp3-preview/51eaf7b0ab60a01cbf85035a5b8b493844f90eae?cid=49789426e6c04428a2befbd3c2d79b02
3TwAy5Wd1hn89J43NnJNpR,Overthinking,yuma.,0.0377,https://p.scdn.co/mp3-preview/3a326207536a3126d4b0c30d6a777bc926da3ed3?cid=49789426e6c04428a2befbd3c2d79b02
5ZduaRci3iNUiDfJbBfAaf,Give It To Me - Full Vocal Mix,Matt Sassari,0.0315,https://p.scdn.co/mp3-preview/50081928cfabde0d63a4d78f893542711259652d?cid=49789426e6c04428a2befbd3c2d79b02
7dsImih2L25fa6qjNphBI7,Turn off the Lights,Chris Lake,0.0755,https://p.scdn.co/mp3-preview/be39b98afb8afeb1b2d8187f9e188749e00efb1b?cid=49789426e6c04428a2befbd3c2d79b02
3EtXo9cEurLpblcdWHuBjT,How Do I Sleep Now,Dallerium,0.0379,https://p.scdn.co/mp3-preview/d13f22d11fb1f23425416a06ce45c32c23d80d80?cid=49789426e6c04428a2befbd3c2d79b02
5QXYVJJcrQ6iNPSmWl1WAR,Fall For Me,NORRA,0.0298,https://p.scdn.co/mp3-preview/96a4f4064896ce679ef5ca7e628da7b5361d3b1c?cid=49789426e6c04428a2befbd3c2d79b02
1Hx27hvnrymPHonWnQhrSd,Summer Nights,Adam Juhl,0.0647,https://p.scdn.co/mp3-preview/4195a36f177098fe1af43662148c31382716d066?cid=49789426e6c04428a2befbd3c2d79b02
0Cv7pfVZT1KjaqpylUsYQH,Vertigo,Curbi,0.0433,https://p.scdn.co/mp3-preview/c52f1b7ae5e47a9cc6e55bd3d1c05825a42f90be?cid=49789426e6c04428a2befbd3c2d79b02
6joEpIEWpZYrezVvqrbvxy,Give It to Me,Matt Sassari,0.0484,https://p.scdn.co/mp3-preview/ab2a383f269683704d7680af839a6050b76c3bc1?cid=49789426e6c04428a2befbd3c2d79b02
75HBVc7kJLjC2LlPc4ScfH,Sleepless,AVAION,0.0393,https://p.scdn.co/mp3-preview/551e120b03b1648e0413e0403508f0c159ebb739?cid=49789426e6c04428a2befbd3c2d79b02
56Za7YLazuE3ILTBKzjtQT,This Is Nightlife - Video Edit,ItaloBrothers,0.032,https://p.scdn.co/mp3-preview/01b857326e4fb7d136ee304447b433f1ba945de2?cid=49789426e6c04428a2befbd3c2d79b02
6gXFJfFXak5OWHXh6Raf8H,Desert Rain (feat. Vika Jigulina),Edward Maya,0.0263,https://p.scdn.co/mp3-preview/b5982850aa0fea7dd665760e5e3fe9b280b2b05c?cid=49789426e6c04428a2befbd3c2d79b02
2IHaGyfxNoFPLJnaEg4GTs,"What Is Love - 7"" Mix",Haddaway,0.0311,https://p.scdn.co/mp3-preview/1871a3c86c96e19f954e4690a55e141c36425f6f?cid=49789426e6c04428a2befbd3c2d79b02
0F2BxpbxH8Yc3pLub48hrb,Pjanoo - Radio Edit,Eric Prydz,0.0295,https://p.scdn.co/mp3-preview/26b7c18ec7fcdce5b77c9983fb6adc15129e3dc1?cid=49789426e6c04428a2befbd3c2d79b02
117q9QEdHOK6fTHu5hZxW2,This is My Life - Radio Version,Edward Maya,0.0328,https://p.scdn.co/mp3-preview/70614cae206bd6e9d92be78ce0f5de56f2400a8c?cid=49789426e6c04428a2befbd3c2d79b02
14n0buz71ujiZQwVqvkyuA,Touché - Radio Edit,Bob Sinclar,0.0825,https://p.scdn.co/mp3-preview/97fedfbbe58ac86a7a6af1e050f901f991a15361?cid=49789426e6c04428a2befbd3c2d79b02
04zrPERrSO4CfyargthKJ9,Bla Bla Bla,Gigi D'Agostino,0.0821,https://p.scdn.co/mp3-preview/954e02f619ba810543afefb7c9f0a84458f7c713?cid=49789426e6c04428a2befbd3c2d79b02
0l3795cAVGOHNdHvooZ25S,Another Way,Gigi D'Agostino,0.0346,https://p.scdn.co/mp3-preview/1798df104b33d3915587f74474afc94f6fe44237?cid=49789426e6c04428a2befbd3c2d79b02
0pgEx0eQPVh3fDpJcP4BqL,Strobe - Radio Edit,deadmau5,0.0307,https://p.scdn.co/mp3-preview/524a1ba45be3681a526ad5695e26f845d87500cd?cid=49789426e6c04428a2befbd3c2d79b02
2pWMpb8iHfGKsw9BmeUBOK,Feedback,Steve Aoki,0.0829,https://p.scdn.co/mp3-preview/45d98504bc058ec051da0fc2865c1bec448aa679?cid=49789426e6c04428a2befbd3c2d79b02
1Thv8uCYzyOFC7PME9J936,"The Island, Pt. I (Dawn)",Pendulum,0.0557,https://p.scdn.co/mp3-preview/8a28fb81c2e217ffd7bd8b71e074800491e93271?cid=49789426e6c04428a2befbd3c2d79b02
5FUNk47hbkiL7mxLOo5CYc,Again & Again,Basto,0.0368,https://p.scdn.co/mp3-preview/485e70f35dc2439424db5a6190c8c0dbd633f612?cid=49789426e6c04428a2befbd3c2d79b02
41PCkAcfU1UiSKUDtt6tXQ,LOVE ME FOR LIFE,BROCKHAMPTON,0.0876,https://p.scdn.co/mp3-preview/062d1946752b29135a8e4bcac26bb5f939bd787d?cid=49789426e6c04428a2befbd3c2d79b02
7M7IOOxwJpr6Fwf3YQbBCB,Over (feat. 6LACK),Syd,0.0534,https://p.scdn.co/mp3-preview/8365f3c7f65ea2235c76fa734e2efbde1e12ec6f?cid=49789426e6c04428a2befbd3c2d79b02
0OgGn1ofaj55l2PcihQQGV,Drew Barrymore,Bryce Vine,0.0572,https://p.scdn.co/mp3-preview/e0a6b4c89f4ba9cc2903b3c1fc2ce9363c567c54?cid=49789426e6c04428a2befbd3c2d79b02
1eA6HGJ1qZXEL7NIFKYrXK,Baby Blue,Rence,0.0335,https://p.scdn.co/mp3-preview/2808d23fbddcabf3d2272e9e1559ba405fefba88?cid=49789426e6c04428a2befbd3c2d79b02
21RzyxY3EFaxVy6K4RqaU9,Body,Loud Luxury,0.038,https://p.scdn.co/mp3-preview/500f32c94358533f3736af033498350a9636e701?cid=49789426e6c04428a2befbd3c2d79b02
7nD5MiXspW533xaREDma2N,Buck 50,DJ Scheme,0.0706,https://p.scdn.co/mp3-preview/586983356e85d5ac73d69852e48f643fddad4039?cid=49789426e6c04428a2befbd3c2d79b02
6GeknxD68osCT7BusMmzVF,STATUS,Russ,0.09,https://p.scdn.co/mp3-preview/b7a1310ef276b964413c71d1de300ef9e870f3a4?cid=49789426e6c04428a2befbd3c2d79b02
0rhxoXFMKRtm1dQJfi72Yh,No Heart,YNW Melly,0.0558,https://p.scdn.co/mp3-preview/4b463bd3423c26f32457e11bd93c40f1147d4514?cid=49789426e6c04428a2befbd3c2d79b02
25r6MZ4Gtd76l43qnZI1DG,Flocky Flocky (feat. Travis Scott),Don Toliver,0.0375,https://p.scdn.co/mp3-preview/19b66f9e1d6ec6c866f693a7497e63e6851b4963?cid=49789426e6c04428a2befbd3c2d79b02
6siDDghVE7fxel5o7fE4OF,Sweater Weather,Gaullin,0.07,https://p.scdn.co/mp3-preview/a6d456ee093362bb392110f973149f5564b884c8?cid=49789426e6c04428a2befbd3c2d79b02
4VJ2sENZ7M33zFleoKhupk,Drowning,ZHU,0.0741,https://p.scdn.co/mp3-preview/32bfb62f57af8d7b389e51a9d44a2c4d666e55e1?cid=49789426e6c04428a2befbd3c2d79b02
5YzaostcCu9Sgp5T7bFuX3,JUVENILE,The Blaze,0.0256,https://p.scdn.co/mp3-preview/c72e9f273635b2bfd686342767c76ac253a331d9?cid=49789426e6c04428a2befbd3c2d79b02
095nyFKlTwa9JIp9cVrHOF,Blast Off (feat. Pharrell Williams),Gesaffelstein,0.0549,https://p.scdn.co/mp3-preview/3cccb4ca5852565b0dcf2258cd42def169a4406b?cid=49789426e6c04428a2befbd3c2d79b02
60VNy4PpJvBZxL3fztmU3t,Yellow Ferrari,The Toxic Avenger,0.0436,https://p.scdn.co/mp3-preview/facb44493de281c88235c4667b01deab6487f13c?cid=49789426e6c04428a2befbd3c2d79b02
2qre5YuCk0fuKw0Z60E28W,So Bad (feat. HAIM),Gesaffelstein,0.0637,https://p.scdn.co/mp3-preview/3b49b135d3eedb608eccbf25a6be19393c82b15f?cid=49789426e6c04428a2befbd3c2d79b02
2vXKRlJBXyOcvZYTdNeckS,Lost in the Fire (feat. The Weeknd),Gesaffelstein,0.0363,https://p.scdn.co/mp3-preview/d5e5adc04a0da97852782c7c4a49807a3f5a0262?cid=49789426e6c04428a2befbd3c2d79b02
3q9oTSo64CrjOiPwI4DbWE,Baianá,Bakermat,0.0709,https://p.scdn.co/mp3-preview/b27af037e83b336a4f4ced48947a370ce7adef17?cid=49789426e6c04428a2befbd3c2d79b02
6Sun0pDZ9Dg5TRF1vSy32V,Used To Be - Rasster Remix,GASHI,0.0741,https://p.scdn.co/mp3-preview/ac5012640da920891288bda8ceabdd9edbd0cf9f?cid=49789426e6c04428a2befbd3c2d79b02
4IlqQhaxrGPxmg35YcXXuS,Dancin - Krono Remix,Aaron Smith,0.0304,https://p.scdn.co/mp3-preview/9b85aedbcdbef34dc0364e4a572035762873cc8e?cid=49789426e6c04428a2befbd3c2d79b02
5kxinzQqkSJhL7QDdvkDFM,Meet the Frownies,Mr Twin Sister,0.0338,https://p.scdn.co/mp3-preview/015e84115afa45aad7179365f0391ab080e812d0?cid=49789426e6c04428a2befbd3c2d79b02
3YfS47QufnLDFA71FUsgCM,The Sound of Silence,Simon & Garfunkel,0.0301,https://p.scdn.co/mp3-preview/ea8acffe4466728559cfb5a444177a565384d624?cid=49789426e6c04428a2befbd3c2d79b02
4qS2KPWvsQzLvRa9oCHw41,You (feat. Travis Scott),Don Toliver,0.0532,https://p.scdn.co/mp3-preview/d47b7a2e65b5c28b64129d1d4199de4313ec9255?cid=49789426e6c04428a2befbd3c2d79b02
1v3Ozpbcx2B926aVW0UuXk,AOK,Tai Verdes,0.0805,https://p.scdn.co/mp3-preview/19112a946bbfa798cbd575c202db842a49921c2e?cid=49789426e6c04428a2befbd3c2d79b02
2KOhaiCh49qLvpCyRStvam,GREENER KNOTS,Maxo Kream,0.0594,https://p.scdn.co/mp3-preview/2c3f56631d8126d3a5cd715354f634b76b66507d?cid=49789426e6c04428a2befbd3c2d79b02
2PWe4eN2vvwfck9dVuwM78,Revolution (Absence Remix) [feat. Faustix & Imanos and Kai],Diplo,0.0619,https://p.scdn.co/mp3-preview/5d38b0549187b9b384a7c64f1e7f1a491c4a31fd?cid=49789426e6c04428a2befbd3c2d79b02
18asYwWugKjjsihZ0YvRxO,The Motto,Tiësto,0.0435,https://p.scdn.co/mp3-preview/f1bc601f20aed02799fc5adaf39c664e4ffa5101?cid=49789426e6c04428a2befbd3c2d79b02
08F16baYbciTva9P4BvpiI,MAFIA,Travis Scott,0.0483,https://p.scdn.co/mp3-preview/e818eb24667f15a47305a591de4bd6fad848b01a?cid=49789426e6c04428a2befbd3c2d79b02
5lHBNlQz5v5hQxFgvO4Aul,gurenge (demon slayer lofi),luvbyrd,0.0592,https://p.scdn.co/mp3-preview/d2b9eaadac5e50921fab761a69643aedc38cf502?cid=49789426e6c04428a2befbd3c2d79b02
5reQI13tWWYDLMrGcUF4Mk,Nuestra Canción,Monsieur Periné,0.0977,https://p.scdn.co/mp3-preview/16e1df4b3f65e45d134cc61e8e337e371469da8c?cid=49789426e6c04428a2befbd3c2d79b02
383Xl5QTigwj3QiA3Qc6S7,The Devil Went Down to Georgia,The Charlie Daniels Band,0.0523,https://p.scdn.co/mp3-preview/db97d1a67debfcdf9d1c7921c85af469d88b1a6c?cid=49789426e6c04428a2befbd3c2d79b02
5VSAonaAPhhGn0G7hMYwWK,Sister Golden Hair,America,0.0337,https://p.scdn.co/mp3-preview/7b6250c5c05c239a23ee04984946a738e0d18f98?cid=49789426e6c04428a2befbd3c2d79b02
3J4VKkUpLvomXJbn9ZAypO,Sharing Locations (feat. Lil Baby & Lil Durk),Meek Mill,0.0385,https://p.scdn.co/mp3-preview/1fd2b7c307a4fdf5a46236cc4c1c58cbc0146c17?cid=49789426e6c04428a2befbd3c2d79b02
7lAK3oHbfEnvUQWosrMMpR,YOSEMITE,Travis Scott,0.0409,https://p.scdn.co/mp3-preview/90c323740d95766d36556cec063997d18cfb5026?cid=49789426e6c04428a2befbd3c2d79b02
5xyLeb2q1lxDf7hXKYlC1H,Mind of Melvin (feat. Lil Uzi Vert),YNW Melly,0.0382,https://p.scdn.co/mp3-preview/1e3502ffc790b74e035ee6a6f8f11823adf6755c?cid=49789426e6c04428a2befbd3c2d79b02
2CxjDTsUBmVlcMjjy2UETJ,ULTRA VIOLET,Thouxanbanfauni,0.063,https://p.scdn.co/mp3-preview/1c255eceb258abb55d6eb4f6d7e6867ab9aed72d?cid=49789426e6c04428a2befbd3c2d79b02
3nS9a01VvXHQriLqJYwRqG,DOLLAZ ON MY HEAD (feat. Young Thug),Gunna,0.0577,https://p.scdn.co/mp3-preview/4d8e94bc001032aae32d0710ab1432c67d9e2fde?cid=49789426e6c04428a2befbd3c2d79b02
7w0BSw2zbz5k2YY7FOAsSm,Situation,Don Toliver,0.0847,https://p.scdn.co/mp3-preview/f1a28620109a33b57a6dc2d4ae28628f4c47efac?cid=49789426e6c04428a2befbd3c2d79b02
11kDth1aKUEUMq9r1pqyds,5% TINT,Travis Scott,0.0487,https://p.scdn.co/mp3-preview/c1bcb779bca4da7d1dd96c378c42297fd410678a?cid=49789426e6c04428a2befbd3c2d79b02
1WoOzgvz6CgH4pX6a1RKGp,My Way (feat. Monty),Fetty Wap,0.0531,https://p.scdn.co/mp3-preview/018054e25245ef5fd9abda538a6b73ffcb8bd0bf?cid=49789426e6c04428a2befbd3c2d79b02
3XiNC94b4Tq1xwv70sQJGN,Sanguine Paradise,Lil Uzi Vert,0.0666,https://p.scdn.co/mp3-preview/be7bd6858e8b97904c76a1028954f57e995c6e2a?cid=49789426e6c04428a2befbd3c2d79b02
0pSBuHjILhNEo55xK1zrRt,Rolex,Ayo & Teo,0.04,https://p.scdn.co/mp3-preview/7171e6e1709f269a6d88d0d343414d8d5d4d1894?cid=49789426e6c04428a2befbd3c2d79b02
5DPASDOoVakOcD8EIhb46T,High Right Now (feat. Wiz Khalifa) - Remix,Tyla Yaweh,0.0498,https://p.scdn.co/mp3-preview/9cb627eda8559320b575306d201122f0150f3934?cid=49789426e6c04428a2befbd3c2d79b02
1zQ6uJovEnJTvExEfAL6vT,Ridin (feat. Landon Cube & YBN Nahmir),Yung Bans,0.0996,https://p.scdn.co/mp3-preview/b65a0d6914848ff7f800ccd5a40eaf0d2f7fe551?cid=49789426e6c04428a2befbd3c2d79b02
4oM9DGUTrRaXJDypxxHztZ,La La Land (feat. YG),Bryce Vine,0.0569,https://p.scdn.co/mp3-preview/b6ee41c8693b6efc0b51d57f38eee4a2a87d42a4?cid=49789426e6c04428a2befbd3c2d79b02
527k23H0A4Q0UJN3vGs0Da,After Party,Don Toliver,0.0376,https://p.scdn.co/mp3-preview/aa5c75b892ac13349826248a278f295377a59264?cid=49789426e6c04428a2befbd3c2d79b02
4m2lVqfPeSTD3azgBJHowK,FAKE,BROCKHAMPTON,0.0526,https://p.scdn.co/mp3-preview/a642dd1e1b45e0494e5f7f20f3217a95eb9bb23e?cid=49789426e6c04428a2befbd3c2d79b02
7tr2za8SQg2CI8EDgrdtNl,Slide (feat. Frank Ocean & Migos),Calvin Harris,0.0545,https://p.scdn.co/mp3-preview/16f9a0b74ce7aa75cfcfcd2bd928cda87ba11045?cid=49789426e6c04428a2befbd3c2d79b02
2ajzBr7vwHTEBeqDzcsNRC,That Way - Bonus Track,Lil Uzi Vert,0.0388,https://p.scdn.co/mp3-preview/95a07250b75b7cdba2316b78f98c48918c3e7623?cid=49789426e6c04428a2befbd3c2d79b02
1uMzK2gBY5VFzsuCQTChfn,FINER THINGS,KILLY,0.0394,https://p.scdn.co/mp3-preview/6424204c301a94f4fa29972fcf224edf9e0fe981?cid=49789426e6c04428a2befbd3c2d79b02
18lkWhwmY0fVVv40eCxohv,Hatchback,Cochise,0.0595,https://p.scdn.co/mp3-preview/ae0fe1e36c6c03b7abc8611c0b76dabdfc79d3f3?cid=49789426e6c04428a2befbd3c2d79b02
4fSIb4hdOQ151TILNsSEaF,Todo De Ti,Rauw Alejandro,0.0506,https://p.scdn.co/mp3-preview/fce5366537fbc618ade7aba6ebeef1ec4a79d0de?cid=49789426e6c04428a2befbd3c2d79b02
1yigUXPUSNuGHR3ur2r9zn,BENZ | I Know,Kelvyn Colt,0.0295,https://p.scdn.co/mp3-preview/e854e6fc721070df437ba8454d6dd1c6be033ee0?cid=49789426e6c04428a2befbd3c2d79b02
7bcHU50mENL3al5DhEJc7J,Terra promessa,Eros Ramazzotti,0.0245,https://p.scdn.co/mp3-preview/7f8e6c27b6de891b934ad989b2ad8eea757d7dab?cid=49789426e6c04428a2befbd3c2d79b02
17D31hC8JLaN1EIt2P0r5C,JEREMIAH - RMX,BROCKHAMPTON,0.0909,https://p.scdn.co/mp3-preview/29cdca636b2203df8fc17594807314728ed51b1a?cid=49789426e6c04428a2befbd3c2d79b02
5SnQILxl7lE7J8bRgM3NSb,1999,Sleepy Hallow,0.059,https://p.scdn.co/mp3-preview/ae80ac9f5ee1bb9b7e93f2c21040a651ce491daf?cid=49789426e6c04428a2befbd3c2d79b02
1vNn7rVQT6UtEW1NGH53fT,All Night Longer,Sammy Adams,0.063,https://p.scdn.co/mp3-preview/54e7f0891cdc8ad37935270461d6d06a3f84da7f?cid=49789426e6c04428a2befbd3c2d79b02
3FU6urUVsgXa6RBuV2PdRk,Heartless (feat. Morgan Wallen),Diplo,0.0512,https://p.scdn.co/mp3-preview/64f9de825007fbd32c5c066346961cfcdb8d0eaa?cid=49789426e6c04428a2befbd3c2d79b02
34S4m6c5KQkPBl7Am9uQQa,Man Down (feat. Chris Brown),YBN Nahmir,0.0951,https://p.scdn.co/mp3-preview/0fd3a0add9ae00a4dfa9e4195b4da1db8043ad86?cid=49789426e6c04428a2befbd3c2d79b02
0IakguBBeTUsAILmugkEam,You Right,Doja Cat,0.0565,https://p.scdn.co/mp3-preview/6f9e50e5f716c7e2441d4e0262304656c5b108fa?cid=49789426e6c04428a2befbd3c2d79b02
5yjcHfRu0LWD9XpvWabQGj,No Surprise (feat. Don Toliver & Bslime),Young Stoner Life,0.0494,https://p.scdn.co/mp3-preview/d59d779b4e021cfbdc41fc6657a3df5e7c6ae351?cid=49789426e6c04428a2befbd3c2d79b02
5OcT3ogKvbL2vrW0x7GkHU,Beat The Case (feat. Offset) - Bonus Track,Gunna,0.0865,https://p.scdn.co/mp3-preview/f8aec306f0bb22c8d5cf9fa604afad6982901b40?cid=49789426e6c04428a2befbd3c2d79b02
2Lw5B2B1KsssGf5NbjDeyj,Z Look Jamaican,Kodak Black,0.0572,https://p.scdn.co/mp3-preview/422cfd29e543c7a3b889767bb11f5976edd02f96?cid=49789426e6c04428a2befbd3c2d79b02
48WidxP9CqyYtk97pwGZ3c,Wasting Time ( feat. Drake & The Neptunes ),Brent Faiyaz,0.0733,https://p.scdn.co/mp3-preview/0f376aa711cfcb412af68450076cfdcb3519946b?cid=49789426e6c04428a2befbd3c2d79b02
501sz40LhXSFQHA2LTXMpw,In Your Eyes,Nora En Pure,0.0414,https://p.scdn.co/mp3-preview/d0debe92f77644be1df7a7290f022cab1b19e11c?cid=49789426e6c04428a2befbd3c2d79b02
7w87IxuO7BDcJ3YUqCyMTT,Pumped Up Kicks,Foster The People,0.0292,https://p.scdn.co/mp3-preview/2213bf4173a9b50a807a30121ed6b559a7778209?cid=49789426e6c04428a2befbd3c2d79b02
57yL3161hUMuw06zzzUCHi,Doubt,Twenty One Pilots,0.0358,https://p.scdn.co/mp3-preview/72406a0bdb0dfa74609472196a41215f5c4f789e?cid=49789426e6c04428a2befbd3c2d79b02
10I3CmmwT0BkOVhduDy53o,Really Really,Kevin Gates,0.0916,https://p.scdn.co/mp3-preview/5df72a13347062ea9e32c89e743136ee4ccf3de6?cid=49789426e6c04428a2befbd3c2d79b02
1wHZx0LgzFHyeIZkUydNXq,Antidote,Travis Scott,0.032,https://p.scdn.co/mp3-preview/acd5af9c79ae22c4a0ff7bd185193d9c6ef6cae2?cid=49789426e6c04428a2befbd3c2d79b02
1x6Zk7hoTIlSOFNZnyxjZD,Upper Echelon (feat. T.I. & 2 Chainz),Travis Scott,0.0651,https://p.scdn.co/mp3-preview/9cb8a36a60c65b2fe404446ddcea952dd0819a31?cid=49789426e6c04428a2befbd3c2d79b02
1jJci4qxiYcOHhQR247rEU,Kids,MGMT,0.0719,https://p.scdn.co/mp3-preview/efb065069d22384206b0fc703c6f99734d33411d?cid=49789426e6c04428a2befbd3c2d79b02
6br4Pc0BzU6dTD5fEmks2i,Electric Body (feat. ScHoolboy Q),A$AP Rocky,0.0467,https://p.scdn.co/mp3-preview/a634392fa3736002ec6cd3607e5480cad6a36204?cid=49789426e6c04428a2befbd3c2d79b02
0RE4crnT3jRms1xxVlEZx2,Bad boy,Marwa Loud,0.0388,https://p.scdn.co/mp3-preview/9579a3573330203519906bec3eeaf767c9c9154d?cid=49789426e6c04428a2befbd3c2d79b02
13QU8HBEBaSTZGq1HzQe9S,Euphoria (feat. Travis Scott & Kaash Paige),Don Toliver,0.0271,https://p.scdn.co/mp3-preview/1919535c97264af8903617e9dba4e14fac04c067?cid=49789426e6c04428a2befbd3c2d79b02
0q6LuUqGLUiCPP1cbdwFs3,On Melancholy Hill,Gorillaz,0.026,https://p.scdn.co/mp3-preview/75a403bfee0fea05ed437b8e84ce4e8cbb8d5b62?cid=49789426e6c04428a2befbd3c2d79b02
4MQIDIQjNWkUvpXe5Je7TO,APOLOGIZE,Baby Keem,0.0295,https://p.scdn.co/mp3-preview/3974b7a7d9c3a87688bea44dad746d5c63e00181?cid=49789426e6c04428a2befbd3c2d79b02
4SWWe2OYC4mqf40Gc2RSdl,Down Below,Roddy Ricch,0.0732,https://p.scdn.co/mp3-preview/15a23e2437ea5d9a21f5a85a98b7ee4b694ef1b1?cid=49789426e6c04428a2befbd3c2d79b02
0fFWxRZGKR7HDW2xBMOZgW,5 Thousand Singles,SAINt JHN,0.0468,https://p.scdn.co/mp3-preview/cd06f0f77622b75e9c5d98eda0a34427d23e9296?cid=49789426e6c04428a2befbd3c2d79b02
4k7dYdLGhJuUjaeEQB5hcA,Best You Had,Don Toliver,0.054,https://p.scdn.co/mp3-preview/7ffa682298c8b8fbcb3d03a264872b820f43fd6a?cid=49789426e6c04428a2befbd3c2d79b02
5Ez1Qv0zcQnIpbbQ2JfBfL,Believe the Lie,Bobby Raps,0.0922,https://p.scdn.co/mp3-preview/d5783e91ca693b08d3b4fdc1140d2024fbbbda09?cid=49789426e6c04428a2befbd3c2d79b02
3SEd8nPd8MpGwk6ZZ8tk2j,Mamacita (feat. Rich Homie Quan & Young Thug),Travis Scott,0.0819,https://p.scdn.co/mp3-preview/e3a954e55d60f969fd099d7657193474761a4276?cid=49789426e6c04428a2befbd3c2d79b02
01DGSKcBCSQ3pRJ4q4Ekmj,SUNDAY NIGHT,Jack Harlow,0.0343,https://p.scdn.co/mp3-preview/044891dba5996130204eb7f42b8b97c5ef68511f?cid=49789426e6c04428a2befbd3c2d79b02
6rLi6PyWXu1rPlShuIZpj6,Way Out (feat. Big Sean),Jack Harlow,0.0719,https://p.scdn.co/mp3-preview/5ef26b7875decb3d9f35e86090e1b2f936604785?cid=49789426e6c04428a2befbd3c2d79b02
7pBrj5rt4SSxXwFKOyZfHR,Dissolve,Absofacto,0.0542,https://p.scdn.co/mp3-preview/01883a5ec16504c1bb170d76efa9a06e43d54bc5?cid=49789426e6c04428a2befbd3c2d79b02
4UYQHTgOlSdaQWfUTAjpop,Void,Pouya,0.0675,https://p.scdn.co/mp3-preview/c4618d80420cd23b9aa32f92c31dca5015936d39?cid=49789426e6c04428a2befbd3c2d79b02
0Rx0DJI556Ix5gBny6EWmn,Paradise,Bazzi,0.0479,https://p.scdn.co/mp3-preview/406eabab4c68a42317bbc0b0bdb85900befe341c?cid=49789426e6c04428a2befbd3c2d79b02
3s6ltUrI93LBKU8taezsLn,Magic in the Air (feat. Ahmed Chawki),Magic System,0.0474,https://p.scdn.co/mp3-preview/b09d14ab3d25bc6a56243062fc90a26015ae1594?cid=49789426e6c04428a2befbd3c2d79b02
5lXY6PTuWXOludKy4zDQwM,On My Mind,Diplo,0.0409,https://p.scdn.co/mp3-preview/83708cc98d051cb15afb8874db12ce349f0ca27b?cid=49789426e6c04428a2befbd3c2d79b02
691df0fYjhhszUgQH3FGvP,94 Bentley,SAINt JHN,0.0525,https://p.scdn.co/mp3-preview/49d3a918151094ddb1a12599ef5672ba9efbdd36?cid=49789426e6c04428a2befbd3c2d79b02
28FOofHvKgLp5bng45jzVY,Hilo,graves,0.0611,https://p.scdn.co/mp3-preview/025a2f49264539147db73dadb30fbf2000881aab?cid=49789426e6c04428a2befbd3c2d79b02
5HNCy40Ni5BZJFw1TKzRsC,Comfortably Numb,Pink Floyd,0.0286,https://p.scdn.co/mp3-preview/ac032e24ed332f7d57306ca32aead2daf5ee1be4?cid=49789426e6c04428a2befbd3c2d79b02
4z0PnuB07fxtVZZRWsCfxb,100 Grandkids,Mac Miller,0.0874,https://p.scdn.co/mp3-preview/9cbd788c9aa78fa751fa9160e2d08e011154b15e?cid=49789426e6c04428a2befbd3c2d79b02
7v96VvFLS0wSYT8kewNLRy,24 (feat. Lil Baby),Money Man,0.0736,https://p.scdn.co/mp3-preview/66aeb8b712f893c8bf1088a4a35a9e3a4805357e?cid=49789426e6c04428a2befbd3c2d79b02
6xQPfqFC4jecPJDpLhq3X1,The Way to Go,mike.,0.0631,https://p.scdn.co/mp3-preview/c51d618860e020ab9513052088ff91424738c061?cid=49789426e6c04428a2befbd3c2d79b02
5GorCbAP4aL0EJ16frG2hd,Boulevard of Broken Dreams,Green Day,0.0294,https://p.scdn.co/mp3-preview/258775e7324ab09be650b91d322d22948ed9df1a?cid=49789426e6c04428a2befbd3c2d79b02
3DbBgbnDUOml329rAp2Tbr,Colorado,Kota the Friend,0.0662,https://p.scdn.co/mp3-preview/e978b69e4a78147fae32ebc41018dc12ad228873?cid=49789426e6c04428a2befbd3c2d79b02
0chpQTaECrCZBusarf71Ql,Blue - Flume Remix,Eiffel 65,0.0886,https://p.scdn.co/mp3-preview/61093cc18791fc3bb5b35974fa4636d0f5c67331?cid=49789426e6c04428a2befbd3c2d79b02
2aWVaW1p2kUc5yuKwBmRJi,I WANNA SEE SOME ASS (feat. jetsonmade),Jack Harlow,0.0497,https://p.scdn.co/mp3-preview/a77f1ec0bb831873d77af8921731d3694e45b752?cid=49789426e6c04428a2befbd3c2d79b02
5V4Sx4VKnHwyM6CjZnfce2,Not Good At Not,Morgan Wallen,0.0325,https://p.scdn.co/mp3-preview/2260564b9a3f906469d91d57f2e15e9eb74bbd56?cid=49789426e6c04428a2befbd3c2d79b02
7epGknfpAlH1u33S71Ur1o,Lose It,Kane Brown,0.0289,https://p.scdn.co/mp3-preview/d594570557c0dd71f0a7eb63d7d51b6912096118?cid=49789426e6c04428a2befbd3c2d79b02
2G60ShHRZZhqxSKbZTWdOh,I Can't Even Lie (feat. Future & Nicki Minaj),DJ Khaled,0.0536,https://p.scdn.co/mp3-preview/012c4f8e502609be22d78fae9bc54dfa70cb0f82?cid=49789426e6c04428a2befbd3c2d79b02
3aMUiKCIXJeurR5ppEMJZD,Six Feet Apart,Luke Combs,0.0276,https://p.scdn.co/mp3-preview/7e8eeb1f5120d75e587cdb2a2d65b63d578e1361?cid=49789426e6c04428a2befbd3c2d79b02
4OV0sRTFrZLXaZZ1sS9hLn,Sirius,The Alan Parsons Project,0.034,https://p.scdn.co/mp3-preview/85cd34274e18610abbf954019707ad66d0add421?cid=49789426e6c04428a2befbd3c2d79b02
4TVinarpLQLZ5cWI9paHJv,"Feel It (feat. Rich Homie Quan, Lloyd)",Jacquees,0.072,https://p.scdn.co/mp3-preview/e6295ecf5b3d766d5f222a87377c394b94605214?cid=49789426e6c04428a2befbd3c2d79b02
41Fflg7qHiVOD6dEPvsCzO,Worth It (feat. Kid Ink),Fifth Harmony,0.0882,https://p.scdn.co/mp3-preview/de93c7aed8dff779d1fdba63d1522f2c770980f5?cid=49789426e6c04428a2befbd3c2d79b02
3ruoIF2UnoXdzK8mR61ebq,Rich Nigga Shit (feat. Young Thug),21 Savage,0.0969,https://p.scdn.co/mp3-preview/a972368a3772747a599cfc62b86342ab0767429f?cid=49789426e6c04428a2befbd3c2d79b02
7fTX4K5zBClRE0ufDaquJl,Cover It Up,Robert Cristian,0.0821,https://p.scdn.co/mp3-preview/bdad0c035c94ab73f2454f1b85599c941629a045?cid=49789426e6c04428a2befbd3c2d79b02
26Sw3iKfNsX2i0OnKqKXNi,Safety (feat. DJ Snake),GASHI,0.0355,https://p.scdn.co/mp3-preview/b46386491ac08ac1bfcfd05d4133d2ef0ed78b40?cid=49789426e6c04428a2befbd3c2d79b02
3DmW6y7wTEYHJZlLo1r6XJ,Shower,Becky G,0.0487,https://p.scdn.co/mp3-preview/147f604daafe57187f50f6dafa5a052262eedad5?cid=49789426e6c04428a2befbd3c2d79b02
